id,year,first_author,title,topic,directness,stable_url
1,2025,Fang,"Commensurate prior models with random effects for interval-censored data to accommodate historical controls",interval-censored historical borrowing,5,https://doi.org/10.1080/03610918.2025.2593950
2,2021,Jin,"Unit information prior for adaptive information borrowing from multiple historical datasets",unit information prior,5,https://doi.org/10.1002/sim.9146
3,2023,Zhang,"Unit information prior for incorporating real-world evidence into randomized controlled trials",survival UIP,5,https://doi.org/10.1177/09622802221133555
4,2024,Gu,"Unit information Dirichlet process prior",nonparametric survival borrowing,4,https://doi.org/10.1093/biomtc/ujae091
5,2014,Murray,"Semiparametric Bayesian commensurate survival model for post-market medical device surveillance with non-exchangeable historical data",survival commensurate prior,4,https://doi.org/10.1111/biom.12115
6,2012,Hobbs,"Commensurate priors for incorporating historical information in clinical trials using general and generalized linear models",commensurate prior,3,https://doi.org/10.1214/12-BA722
7,2015,Ibrahim,"The power prior: theory and applications",power prior,3,https://doi.org/10.1002/sim.6728
8,2014,Schmidli,"Robust meta-analytic-predictive priors in clinical trials with historical control information",robust MAP,3,https://doi.org/10.1111/biom.12242
9,2016,Zeng,"Maximum likelihood estimation for semiparametric transformation models with interval-censored data",interval-censored NPMLE EM,5,https://doi.org/10.1093/biomet/asw013
10,2016,Wang,"Analysis of interval-censored survival data via Poisson data augmentation",interval-censored augmentation,5,https://doi.org/10.1111/biom.12389
11,2009,Henschel,"Bayesian inference for interval-censored survival data in the presence of frailty",Bayesian interval censoring,4,https://doi.org/10.1186/1471-2288-9-9
12,2000,Pan,"A multiple imputation approach to Cox regression with interval-censored data",interval-censored imputation,3,https://doi.org/10.1111/j.0006-341X.2000.00199.x
