scenario,repetition,method,theta_ess,theta_lag1,m_ess,m_lag1,commensurate_precision_ess,weight_1_ess,weight_2_ess,runtime_seconds,failed,error
S1_compatible,0,IC-NIP,170.71678120828534,0.404722818908762,400.0,0.0,,,,0.2706204999994952,False,
S1_compatible,0,IC-UIP,201.60009778252757,0.36016476125883,400.0,-0.0033123253141021827,,397.87516833788993,397.8751683378899,0.424929400003748,False,
S1_compatible,0,IC-CP,143.68218629103313,0.4957721206576937,,,234.39696949241466,,,0.22654340000008233,False,
S1_compatible,1,IC-NIP,160.93454041908095,0.4783148762887601,400.0,0.0,,,,0.2459435999917332,False,
S1_compatible,1,IC-UIP,204.26426349601715,0.34065158824635733,332.6079454217644,0.0019436501632174343,,400.0,400.0,0.4359058999980334,False,
S1_compatible,1,IC-CP,191.9236393329238,0.3682433847889601,,,345.96995678576155,,,0.22948740000720136,False,
S1_compatible,2,IC-NIP,150.9933770250547,0.45618445959307363,400.0,0.0,,,,0.2418745999748353,False,
S1_compatible,2,IC-UIP,199.52034348554392,0.32638061345735675,344.8620405226411,0.005206712905663999,,399.31461627132035,399.31461627132035,0.4297406999976374,False,
S1_compatible,2,IC-CP,125.50598454502445,0.47260706886586834,,,312.18291483808906,,,0.23402910001459531,False,
S1_compatible,3,IC-NIP,94.36040157238293,0.4341451371113636,400.0,0.0,,,,0.2358333999873139,False,
S1_compatible,3,IC-UIP,157.59559593270575,0.4801243092833414,337.3622534493557,0.07790160753321768,,400.0,400.0,0.4446645999851171,False,
S1_compatible,3,IC-CP,136.37173788941635,0.5063711659519403,,,251.0203991449576,,,0.23403779999352992,False,
S1_compatible,4,IC-NIP,111.6554209925073,0.4895110361809628,400.0,0.0,,,,0.2272618999995757,False,
S1_compatible,4,IC-UIP,204.86945732186717,0.3882656130222518,318.98336458992566,0.02667513804611887,,276.0545692749567,276.0545692749567,0.42867049999767914,False,
S1_compatible,4,IC-CP,190.27511942468337,0.4215984603966957,,,376.17794820437933,,,0.25530129999970086,False,
S1_compatible,5,IC-NIP,131.15350074537955,0.5095130945291435,400.0,0.0,,,,0.6028041000245139,False,
S1_compatible,5,IC-UIP,210.56850800461626,0.2694116088180269,400.0,-0.0019258930471516443,,342.9168523152119,342.9168523152119,1.0428727999969851,False,
S1_compatible,5,IC-CP,129.82929067149024,0.41885942056452885,,,313.6924709359692,,,0.5936653999960981,False,
S1_compatible,6,IC-NIP,163.62286094127637,0.3683066363301673,400.0,0.0,,,,0.5068597000208683,False,
S1_compatible,6,IC-UIP,202.1155284769953,0.36448403044039973,367.35242403170975,0.08908487642880708,,400.0,400.0,0.9786862000182737,False,
S1_compatible,6,IC-CP,138.39998556214002,0.44397201363376254,,,296.3815424830922,,,0.5417846000054851,False,
S1_compatible,7,IC-NIP,151.44082962461414,0.5108077264746026,400.0,0.0,,,,0.5396695999952499,False,
S1_compatible,7,IC-UIP,114.07817614918987,0.47449518840172317,400.0,-0.02239008190061,,358.4605445672123,358.4605445672123,0.9714313999866135,False,
S1_compatible,7,IC-CP,135.15315554879896,0.4552636559093257,,,386.2645162989816,,,0.5509603999962565,False,
S1_compatible,8,IC-NIP,187.12920386654287,0.4031820424021476,400.0,0.0,,,,0.5262040999950841,False,
S1_compatible,8,IC-UIP,211.2049136036495,0.3423896478218001,301.677828909646,0.15124427619259828,,280.88439474157053,280.88439474157065,0.9757693999854382,False,
S1_compatible,8,IC-CP,115.51135385313803,0.4321484999549919,,,215.79363296790282,,,0.5126760999846738,False,
S1_compatible,9,IC-NIP,231.5819897851322,0.2710032405969027,400.0,0.0,,,,0.5098137999884784,False,
S1_compatible,9,IC-UIP,203.18478549739268,0.31290124541203895,347.6662146486392,0.05850426154853373,,370.2127636340996,370.2127636340996,0.9738343000062741,False,
S1_compatible,9,IC-CP,181.45810995453758,0.3289468641054675,,,280.2448703471299,,,0.5529558999987785,False,
S1_compatible,10,IC-NIP,219.48445801733212,0.3535446904043234,400.0,0.0,,,,0.5524839000136126,False,
S1_compatible,10,IC-UIP,184.9158378736457,0.41758450557340615,369.28525108659244,0.008025679713415676,,286.0708238954585,286.0708238954585,0.921964700013632,False,
S1_compatible,10,IC-CP,202.00439405834106,0.3711096733187273,,,400.0,,,0.5418993000057526,False,
S1_compatible,11,IC-NIP,195.60862925803158,0.3935430612832948,400.0,0.0,,,,0.5619838999991771,False,
S1_compatible,11,IC-UIP,127.45050588134878,0.3680474719062953,400.0,0.06375361266349107,,271.90382248821265,271.9038224882127,1.054951500002062,False,
S1_compatible,11,IC-CP,134.01765511995694,0.48621850788170407,,,261.6325131960394,,,0.6215067000011913,False,
S1_compatible,12,IC-NIP,192.85713493818713,0.40832572221572144,400.0,0.0,,,,0.5628984000068158,False,
S1_compatible,12,IC-UIP,217.16542938492645,0.29709504430816913,373.32958162350906,-0.03550092683647884,,299.70933709189813,299.70933709189813,1.235409000015352,False,
S1_compatible,12,IC-CP,262.3260754374377,0.21415065049178197,,,347.2664263997627,,,0.6006267000047956,False,
S1_compatible,13,IC-NIP,199.99675010141638,0.3754569963935714,400.0,0.0,,,,0.6341706000093836,False,
S1_compatible,13,IC-UIP,185.1743160566959,0.4335355788285158,400.0,-0.0026725247404396075,,327.50767278000245,327.50767278000245,1.0697197999979835,False,
S1_compatible,13,IC-CP,169.53840643163147,0.41141161625718914,,,358.35818298285983,,,0.6225353000045288,False,
S1_compatible,14,IC-NIP,161.03505430173675,0.38157705722862345,400.0,0.0,,,,0.6217231000191532,False,
S1_compatible,14,IC-UIP,302.343926244309,0.26881581140962263,365.08915603251194,0.029637310221597428,,279.29449373079746,279.29449373079746,1.0378121999965515,False,
S1_compatible,14,IC-CP,208.11070279752764,0.3267972596761224,,,345.8548654216958,,,0.5617720000154804,False,
S1_compatible,15,IC-NIP,146.54479179048653,0.4049008363078659,400.0,0.0,,,,0.5139021999784745,False,
S1_compatible,15,IC-UIP,190.91020652777445,0.41414729826421665,400.0,-0.01310376657036518,,295.4338805497733,295.4338805497733,0.9253458000021055,False,
S1_compatible,15,IC-CP,204.79819369395094,0.40108799724232064,,,297.88064847748063,,,0.5091831999889109,False,
S1_compatible,16,IC-NIP,147.37596921039116,0.44288683196423556,400.0,0.0,,,,0.5503624999837484,False,
S1_compatible,16,IC-UIP,82.95965562246343,0.47119615391235786,306.47143165696684,0.13584140698067565,,400.0,400.0,1.00743609998608,False,
S1_compatible,16,IC-CP,83.03044999752305,0.5727402325086042,,,224.5804053152084,,,0.6178025999979582,False,
S1_compatible,17,IC-NIP,132.27232357772314,0.36314555443588753,400.0,0.0,,,,0.6340267999912612,False,
S1_compatible,17,IC-UIP,172.21234043132864,0.46139611609068437,280.80878623198544,0.07377253194432656,,286.0725332672597,286.0725332672597,1.1028110999905039,False,
S1_compatible,17,IC-CP,148.07690705573995,0.40206775360610864,,,226.7092339064817,,,0.5992503000015859,False,
S1_compatible,18,IC-NIP,159.41463402084685,0.43254286175745754,400.0,0.0,,,,0.5437883999838959,False,
S1_compatible,18,IC-UIP,180.6737275300969,0.38855215910622337,321.8664517243245,0.1313594181674047,,400.0,400.0,1.0391964000009466,False,
S1_compatible,18,IC-CP,161.1694788044175,0.3700286890307823,,,205.39797682718884,,,0.5682652999821585,False,
S1_compatible,19,IC-NIP,194.04657759131823,0.3994093789822137,400.0,0.0,,,,0.6191308999841567,False,
S1_compatible,19,IC-UIP,174.06379032362037,0.36617507635488006,355.76433303041296,0.0649687604192769,,308.11954328683197,308.1195432868319,1.0361334000190254,False,
S1_compatible,19,IC-CP,133.22862955385028,0.44426811232461577,,,362.3699193585618,,,0.6001118999847677,False,
S2_mixed,0,IC-NIP,170.71678120828534,0.404722818908762,400.0,0.0,,,,0.5507483000110369,False,
S2_mixed,0,IC-UIP,146.32630774047473,0.504800799717617,282.22990979141946,0.14796414449650788,,211.09910541437367,211.09910541437364,0.9088916000036988,False,
S2_mixed,0,IC-CP,118.15717551490333,0.5316469630473043,,,256.0880348658864,,,0.5810782999906223,False,
S2_mixed,1,IC-NIP,160.93454041908095,0.4783148762887601,400.0,0.0,,,,0.5208669999847189,False,
S2_mixed,1,IC-UIP,182.42432446742595,0.3712944053362098,400.0,0.040107884456369446,,233.88418076801503,233.884180768015,1.0025145999970846,False,
S2_mixed,1,IC-CP,144.66703639882704,0.39742548378998893,,,235.6415277751318,,,0.5385904999857303,False,
S2_mixed,2,IC-NIP,150.9933770250547,0.45618445959307363,400.0,0.0,,,,0.5840665000141598,False,
S2_mixed,2,IC-UIP,183.33925636133944,0.33261452229428945,249.9214598152122,0.16027851611076904,,289.3844742234098,289.3844742234098,1.0094909999752417,False,
S2_mixed,2,IC-CP,110.91426654835954,0.5986838052065995,,,211.0490153944962,,,0.5813885000243317,False,
S2_mixed,3,IC-NIP,94.36040157238293,0.4341451371113636,400.0,0.0,,,,0.5189395000052173,False,
S2_mixed,3,IC-UIP,124.9350493455516,0.5154080288411655,142.89525348168365,0.2830063627996773,,287.2424117743447,287.2424117743447,0.9411866999871563,False,
S2_mixed,3,IC-CP,95.16268059908495,0.5538582706972838,,,100.88092378147482,,,0.5470804999931715,False,
S2_mixed,4,IC-NIP,111.6554209925073,0.4895110361809628,400.0,0.0,,,,0.5401698999921791,False,
S2_mixed,4,IC-UIP,159.89608764372238,0.4582848555973013,292.43143230550623,0.1097487670743938,,233.9213137023888,233.9213137023888,0.9358251000230666,False,
S2_mixed,4,IC-CP,151.76938421885214,0.5176093670995326,,,229.9521242550216,,,0.5323515999771189,False,
S2_mixed,5,IC-NIP,131.15350074537955,0.5095130945291435,400.0,0.0,,,,0.5085885999724269,False,
S2_mixed,5,IC-UIP,111.65032948652133,0.47244534888802303,335.4104510671974,0.07572634592564516,,252.82388036271414,252.82388036271414,1.0241385000117589,False,
S2_mixed,5,IC-CP,176.0950467765511,0.44042817239244436,,,293.72038063497405,,,0.5649151999969035,False,
S2_mixed,6,IC-NIP,163.62286094127637,0.3683066363301673,400.0,0.0,,,,0.5595241000119131,False,
S2_mixed,6,IC-UIP,170.04691431641803,0.44076298333196906,303.76157851949716,0.14422939651680441,,264.17408355481,264.17408355481,1.009462700021686,False,
S2_mixed,6,IC-CP,147.24420534625,0.5164803718841358,,,289.65898015978144,,,0.58402290000231,False,
S2_mixed,7,IC-NIP,151.44082962461414,0.5108077264746026,400.0,0.0,,,,0.5516826999955811,False,
S2_mixed,7,IC-UIP,200.18084687796332,0.38252844055354146,232.2346580231938,0.08494549154480548,,354.1612175592822,354.1612175592822,0.9879421000077855,False,
S2_mixed,7,IC-CP,78.37829756159928,0.46116742246652603,,,204.5346080806607,,,0.5579635000030976,False,
S2_mixed,8,IC-NIP,187.12920386654287,0.4031820424021476,400.0,0.0,,,,0.5442504000093322,False,
S2_mixed,8,IC-UIP,211.77328198701662,0.3327504246170756,400.0,0.011657443371395787,,296.74212581935933,296.74212581935933,0.9553080000041518,False,
S2_mixed,8,IC-CP,189.84986694508572,0.3934761945462154,,,400.0,,,0.5637350000033621,False,
S2_mixed,9,IC-NIP,231.5819897851322,0.2710032405969027,400.0,0.0,,,,0.5382023999991361,False,
S2_mixed,9,IC-UIP,188.09176128117258,0.3276603646203392,333.34897010514857,0.1561107374787761,,258.11381736182864,258.11381736182864,0.9243706000270322,False,
S2_mixed,9,IC-CP,186.6819352734751,0.38235924050505404,,,192.47449421950952,,,0.5352182000060566,False,
S2_mixed,10,IC-NIP,219.48445801733212,0.3535446904043234,400.0,0.0,,,,0.5593703999766149,False,
S2_mixed,10,IC-UIP,146.27517038652314,0.42462140910975166,137.6239183148064,0.09935620520840702,,151.88630361340785,151.88630361340785,0.9388470999838319,False,
S2_mixed,10,IC-CP,123.12159491064004,0.49866648325166096,,,285.2752464319007,,,0.5432905000052415,False,
S2_mixed,11,IC-NIP,195.60862925803158,0.3935430612832948,400.0,0.0,,,,0.4946289000217803,False,
S2_mixed,11,IC-UIP,97.89962268515269,0.5738609023274651,400.0,-0.025922452590771944,,163.3291619356723,163.3291619356723,0.9009256999997888,False,
S2_mixed,11,IC-CP,188.76825177347646,0.4197759857536782,,,338.2073223302214,,,0.5457005000207573,False,
S2_mixed,12,IC-NIP,192.85713493818713,0.40832572221572144,400.0,0.0,,,,0.5057888999872375,False,
S2_mixed,12,IC-UIP,235.87791496365665,0.2998445666844621,400.0,-0.026736430312641023,,322.90943438508424,322.9094343850842,1.0510331000259612,False,
S2_mixed,12,IC-CP,166.18816352693608,0.44832080360645626,,,284.67882650098625,,,0.6193023000087123,False,
S2_mixed,13,IC-NIP,199.99675010141638,0.3754569963935714,400.0,0.0,,,,0.7006507999903988,False,
S2_mixed,13,IC-UIP,153.27375501056292,0.424645512219956,280.0155982440588,0.055423076567755074,,305.0548780990322,305.0548780990321,0.9902197999763303,False,
S2_mixed,13,IC-CP,143.6437766763487,0.42946286342207673,,,249.171287679068,,,0.5421293000108562,False,
S2_mixed,14,IC-NIP,161.03505430173675,0.38157705722862345,400.0,0.0,,,,0.5330178000149317,False,
S2_mixed,14,IC-UIP,207.6253970200363,0.3654296390909399,333.8557477896474,0.01851641876305434,,309.99007138255433,309.99007138255433,0.8984442999935709,False,
S2_mixed,14,IC-CP,217.3412472886819,0.33440439065273736,,,312.08276175457144,,,0.5162867000035476,False,
S2_mixed,15,IC-NIP,146.54479179048653,0.4049008363078659,400.0,0.0,,,,0.5109330000123009,False,
S2_mixed,15,IC-UIP,156.99847593267035,0.469676375275817,352.29182765609517,0.0725311319976373,,188.56627730678733,188.56627730678736,0.8845634000026621,False,
S2_mixed,15,IC-CP,123.39004490578141,0.4748379617256092,,,261.94875842474954,,,0.5346705999982078,False,
S2_mixed,16,IC-NIP,147.37596921039116,0.44288683196423556,400.0,0.0,,,,0.5450261000078171,False,
S2_mixed,16,IC-UIP,54.00658903407401,0.54178123365705,220.46264693388676,0.28719233999907345,,283.37706866337214,283.37706866337214,0.8966861999942921,False,
S2_mixed,16,IC-CP,82.54579456269589,0.645741528881797,,,200.67850403669811,,,0.540639300015755,False,
S2_mixed,17,IC-NIP,132.27232357772314,0.36314555443588753,400.0,0.0,,,,0.5289459000050556,False,
S2_mixed,17,IC-UIP,170.2885015209025,0.4436493776367273,273.2508787372202,0.13327532039933396,,296.37315933424134,296.3731593342414,0.9251397000043653,False,
S2_mixed,17,IC-CP,135.82748618234305,0.5212958937962593,,,140.8608016766281,,,0.5360938999801874,False,
S2_mixed,18,IC-NIP,159.41463402084685,0.43254286175745754,400.0,0.0,,,,0.5334360000269953,False,
S2_mixed,18,IC-UIP,143.58635383021488,0.49938063403717814,266.964592169414,0.14454815046160838,,400.0,400.0,0.9631124000006821,False,
S2_mixed,18,IC-CP,118.45542847922457,0.4887651623413424,,,204.33870165996757,,,0.5189427000004798,False,
S2_mixed,19,IC-NIP,194.04657759131823,0.3994093789822137,400.0,0.0,,,,0.514001699979417,False,
S2_mixed,19,IC-UIP,167.71687328488454,0.47470027526533093,287.0680545343989,0.10753482570192528,,344.38940458340807,344.38940458340807,0.9397988999844529,False,
S2_mixed,19,IC-CP,120.87493732362083,0.5977306170824834,,,333.6554001568695,,,0.5932613000040874,False,
S3_conflict,0,IC-NIP,170.71678120828534,0.404722818908762,400.0,0.0,,,,0.5410283000092022,False,
S3_conflict,0,IC-UIP,99.93447245961816,0.6271460176225818,168.32127818548153,0.25144165362002646,,333.42344878559663,333.42344878559663,1.0314853999880143,False,
S3_conflict,0,IC-CP,111.30231513855448,0.5646524640928854,,,260.2068361055653,,,0.5307107999979053,False,
S3_conflict,1,IC-NIP,160.93454041908095,0.4783148762887601,400.0,0.0,,,,0.49818209998193197,False,
S3_conflict,1,IC-UIP,139.3046589834606,0.4894682085141649,225.5807405736182,0.23404513922919476,,329.3679947518678,329.36799475186774,0.9080317999760155,False,
S3_conflict,1,IC-CP,88.53291969714499,0.5964925549872803,,,127.77614372374339,,,0.5586945999821182,False,
S3_conflict,2,IC-NIP,150.9933770250547,0.45618445959307363,400.0,0.0,,,,0.5048519000119995,False,
S3_conflict,2,IC-UIP,166.0447519414641,0.44461167039016103,267.8710704393703,0.18853791877512624,,307.7235469898763,307.7235469898763,0.9134006000240333,False,
S3_conflict,2,IC-CP,170.2028201888305,0.4987407845228251,,,155.71855339951944,,,0.5226144000189379,False,
S3_conflict,3,IC-NIP,94.36040157238293,0.4341451371113636,400.0,0.0,,,,0.5119943000026979,False,
S3_conflict,3,IC-UIP,110.04867068587804,0.5668676446464022,185.34080218987697,0.3013976468151959,,400.0,400.0,0.9356849000032526,False,
S3_conflict,3,IC-CP,158.37871131985315,0.5242656126231816,,,245.00967702707047,,,0.5593816000036895,False,
S3_conflict,4,IC-NIP,111.6554209925073,0.4895110361809628,400.0,0.0,,,,0.538269799988484,False,
S3_conflict,4,IC-UIP,72.06416273495387,0.6657889936454453,111.39575977052672,0.28300161153671183,,305.58452821367763,305.58452821367763,0.936630599986529,False,
S3_conflict,4,IC-CP,89.0416752979773,0.585310370997483,,,158.7517105378383,,,0.5478120000043418,False,
S3_conflict,5,IC-NIP,131.15350074537955,0.5095130945291435,400.0,0.0,,,,0.5037861999880988,False,
S3_conflict,5,IC-UIP,146.84093107463602,0.5400213151403138,234.5591723573144,0.20235625352062672,,400.0,400.0,0.9094095000182278,False,
S3_conflict,5,IC-CP,108.0559021877511,0.6078438219291621,,,173.88911256985236,,,0.5109993999940343,False,
S3_conflict,6,IC-NIP,163.62286094127637,0.3683066363301673,400.0,0.0,,,,0.5191559999948367,False,
S3_conflict,6,IC-UIP,76.214032200003,0.6465328251096321,85.3115169628345,0.2934035545500389,,400.0,400.0,0.9130797999969218,False,
S3_conflict,6,IC-CP,141.65241155280467,0.5306298899964792,,,267.22010042784825,,,0.5588839999982156,False,
S3_conflict,7,IC-NIP,151.44082962461414,0.5108077264746026,400.0,0.0,,,,0.5294464000035077,False,
S3_conflict,7,IC-UIP,116.98558254000771,0.6358230057977825,171.55899697734847,0.321378405370203,,400.0,400.0,0.9211497000069357,False,
S3_conflict,7,IC-CP,112.9650459572588,0.576114968482569,,,232.76799854255495,,,0.5100128000194672,False,
S3_conflict,8,IC-NIP,187.12920386654287,0.4031820424021476,400.0,0.0,,,,0.5248813000216614,False,
S3_conflict,8,IC-UIP,163.47550073248664,0.5084638299169528,193.13848701586278,0.1563180261623844,,318.63325583578006,318.63325583578006,0.9634155000094324,False,
S3_conflict,8,IC-CP,104.84320793582424,0.5944617865160748,,,221.82198429808568,,,0.5426842000160832,False,
S3_conflict,9,IC-NIP,231.5819897851322,0.2710032405969027,400.0,0.0,,,,0.5239789999905042,False,
S3_conflict,9,IC-UIP,149.22875710633758,0.4933812349845712,167.4631709762263,0.394494052119332,,383.1000463031947,383.1000463031947,0.9593057000020053,False,
S3_conflict,9,IC-CP,161.34509052286495,0.47082247768877983,,,209.85141314679632,,,0.558278699987568,False,
S3_conflict,10,IC-NIP,219.48445801733212,0.3535446904043234,400.0,0.0,,,,0.5062895999872126,False,
S3_conflict,10,IC-UIP,85.04180856253282,0.6047184764388138,107.31558204421917,0.42459757456286024,,400.0,400.0,0.9348062000062782,False,
S3_conflict,10,IC-CP,107.23076218268413,0.590966988813119,,,135.40220484210747,,,0.5351499999815132,False,
S3_conflict,11,IC-NIP,195.60862925803158,0.3935430612832948,400.0,0.0,,,,0.4940525999991223,False,
S3_conflict,11,IC-UIP,99.72529451283454,0.6319468840724906,132.7274189081963,0.39022287580858495,,400.0,400.0,0.9420017000229564,False,
S3_conflict,11,IC-CP,129.40409970594933,0.5713050817139083,,,222.2803597450408,,,0.5172628999862354,False,
S3_conflict,12,IC-NIP,192.85713493818713,0.40832572221572144,400.0,0.0,,,,0.5392402999859769,False,
S3_conflict,12,IC-UIP,120.77656961824837,0.5696870091247445,136.2311652853048,0.33200458320125337,,288.4303432676616,288.4303432676616,0.9641826000006404,False,
S3_conflict,12,IC-CP,154.25273829800327,0.4384473274546189,,,183.61598238449895,,,0.5285695000202395,False,
S3_conflict,13,IC-NIP,199.99675010141638,0.3754569963935714,400.0,0.0,,,,0.5660543999983929,False,
S3_conflict,13,IC-UIP,129.3441967892658,0.5368789325170188,210.6486156017057,0.25639653599459894,,400.0,400.0,0.9509494999947492,False,
S3_conflict,13,IC-CP,132.41145415819628,0.5228721665193665,,,223.3782241137078,,,0.556849799992051,False,
S3_conflict,14,IC-NIP,161.03505430173675,0.38157705722862345,400.0,0.0,,,,0.49660889999358915,False,
S3_conflict,14,IC-UIP,153.29573669976003,0.5525725798446515,184.09801955173276,0.3854595012563718,,300.72579565076006,300.72579565076006,0.9186089999857359,False,
S3_conflict,14,IC-CP,148.25902646987353,0.4704654901040839,,,192.9418381165721,,,0.5483792999875732,False,
S3_conflict,15,IC-NIP,146.54479179048653,0.4049008363078659,400.0,0.0,,,,0.49250630001188256,False,
S3_conflict,15,IC-UIP,130.03253901534046,0.5394953047630905,206.70464845839945,0.1777996435920143,,219.02684775180737,219.02684775180737,0.8982985999900848,False,
S3_conflict,15,IC-CP,126.77638271683664,0.572180525810547,,,250.20161746635154,,,0.5516762000042945,False,
S3_conflict,16,IC-NIP,147.37596921039116,0.44288683196423556,400.0,0.0,,,,0.5206468000251334,False,
S3_conflict,16,IC-UIP,80.09113323670964,0.5901691161690743,216.23429542067615,0.1059140560395461,,400.0,400.0,0.9401212999946438,False,
S3_conflict,16,IC-CP,127.97852307632449,0.43368002944777034,,,235.23488243036195,,,0.5155412000021897,False,
S3_conflict,17,IC-NIP,132.27232357772314,0.36314555443588753,400.0,0.0,,,,0.5172195000050124,False,
S3_conflict,17,IC-UIP,136.95123684526175,0.5634335747331011,258.8691773138808,0.1345212989578169,,400.0,400.0,0.9338713999895845,False,
S3_conflict,17,IC-CP,161.00361702422566,0.4447034551612937,,,174.33920003739607,,,0.5525986000138801,False,
S3_conflict,18,IC-NIP,159.41463402084685,0.43254286175745754,400.0,0.0,,,,0.5012691000010818,False,
S3_conflict,18,IC-UIP,156.45675426088522,0.4422477499524596,253.59458120734843,0.19915607610015665,,395.4547759171236,395.4547759171236,0.9057886000082362,False,
S3_conflict,18,IC-CP,97.20742586776683,0.5145772119190963,,,175.31565387083134,,,0.5129636999918148,False,
S3_conflict,19,IC-NIP,194.04657759131823,0.3994093789822137,400.0,0.0,,,,0.5314021999947727,False,
S3_conflict,19,IC-UIP,89.16583719166745,0.5977847449835358,166.59101532078896,0.2842211188071081,,316.9405696526592,316.9405696526592,0.9525940000021365,False,
S3_conflict,19,IC-CP,140.29140020099135,0.473633616081059,,,301.2487315251408,,,0.5524511999974493,False,
