scenario,repetition,study,theta_true,theta_hat,se,n,unit_information,event_fraction,initial_uip_weight,dirichlet_concentration
S1_compatible,0,H1,-0.35667494393873245,-0.22781721691325374,0.2683634486051572,100,0.13885236194829648,0.56,0.5,1.0
S1_compatible,0,H2,-0.35667494393873245,-0.10032719158897338,0.25388670119954504,100,0.15513868091607635,0.63,0.5,1.0
S1_compatible,1,H1,-0.35667494393873245,-0.5471740197190955,0.26795785125807164,100,0.13927303089060453,0.57,0.5,1.0
S1_compatible,1,H2,-0.35667494393873245,-0.5233242744488166,0.27349181931102806,100,0.13369381601582309,0.54,0.5,1.0
S1_compatible,2,H1,-0.35667494393873245,-0.1548394567572606,0.2659109292572029,100,0.14142546799730474,0.58,0.5,1.0
S1_compatible,2,H2,-0.35667494393873245,-0.3077831859635589,0.2762072547322462,100,0.13107800935699004,0.56,0.5,1.0
S1_compatible,3,H1,-0.35667494393873245,-0.13723189875860403,0.281205809614929,100,0.12645948894058506,0.52,0.5,1.0
S1_compatible,3,H2,-0.35667494393873245,-0.21285193158677568,0.2544023984111622,100,0.1545103574622767,0.63,0.5,1.0
S1_compatible,4,H1,-0.35667494393873245,-0.3884659138183397,0.2830774887205037,100,0.12479274324439721,0.52,0.5,1.0
S1_compatible,4,H2,-0.35667494393873245,-0.21588101709275684,0.2687403868602111,100,0.13846312338117492,0.57,0.5,1.0
S1_compatible,5,H1,-0.35667494393873245,-0.8247788954823688,0.2591541395014175,100,0.148896229228527,0.62,0.5,1.0
S1_compatible,5,H2,-0.35667494393873245,-0.5330766994713267,0.2650553513055486,100,0.14233996228478593,0.6,0.5,1.0
S1_compatible,6,H1,-0.35667494393873245,-0.20351677657281295,0.2709187087741169,100,0.13624544944868672,0.55,0.5,1.0
S1_compatible,6,H2,-0.35667494393873245,-0.018489006614787692,0.24865270592891597,100,0.16173857800846173,0.67,0.5,1.0
S1_compatible,7,H1,-0.35667494393873245,-0.27988684169864175,0.27552021214592626,100,0.13173254179056046,0.53,0.5,1.0
S1_compatible,7,H2,-0.35667494393873245,-0.6190330063223455,0.2767719715138992,100,0.13054366019468128,0.59,0.5,1.0
S1_compatible,8,H1,-0.35667494393873245,-0.7762823017099257,0.2748048524458717,100,0.13241927498620987,0.57,0.5,1.0
S1_compatible,8,H2,-0.35667494393873245,-0.6370003192162251,0.2742045131655476,100,0.1329997433056115,0.57,0.5,1.0
S1_compatible,9,H1,-0.35667494393873245,-0.687973793082118,0.25973697734615,100,0.14822874637409073,0.65,0.5,1.0
S1_compatible,9,H2,-0.35667494393873245,-0.395408685221492,0.29179126040948916,100,0.11745065417604247,0.48,0.5,1.0
S1_compatible,10,H1,-0.35667494393873245,-0.6038989923510522,0.27617647549099156,100,0.13110722767823133,0.54,0.5,1.0
S1_compatible,10,H2,-0.35667494393873245,-0.2492183248811103,0.2729552150811979,100,0.13421999159997755,0.54,0.5,1.0
S1_compatible,11,H1,-0.35667494393873245,-0.2014382525612921,0.25903310647557126,100,0.1490354050399873,0.61,0.5,1.0
S1_compatible,11,H2,-0.35667494393873245,0.16273598404559958,0.25783671054618107,100,0.1504217012859956,0.61,0.5,1.0
S1_compatible,12,H1,-0.35667494393873245,-0.3197366672849538,0.277189686188212,100,0.13015050765068986,0.54,0.5,1.0
S1_compatible,12,H2,-0.35667494393873245,-0.47681021005370605,0.2746664317930241,100,0.13255277641955646,0.55,0.5,1.0
S1_compatible,13,H1,-0.35667494393873245,-0.7862289548860115,0.27643328399317135,100,0.13086374172242812,0.57,0.5,1.0
S1_compatible,13,H2,-0.35667494393873245,-0.3679805059610398,0.2836288531454557,100,0.12430802950760757,0.54,0.5,1.0
S1_compatible,14,H1,-0.35667494393873245,-0.47967555689556035,0.2733431571902196,100,0.13383927867279458,0.56,0.5,1.0
S1_compatible,14,H2,-0.35667494393873245,-0.47579959615227096,0.2833217275095618,100,0.12457767967421503,0.52,0.5,1.0
S1_compatible,15,H1,-0.35667494393873245,-0.6233453944537729,0.2612946128442745,100,0.14646676458549676,0.62,0.5,1.0
S1_compatible,15,H2,-0.35667494393873245,0.02131532931599123,0.2623727375283252,100,0.1452655346080207,0.59,0.5,1.0
S1_compatible,16,H1,-0.35667494393873245,-0.3023944542277431,0.28697375799741187,100,0.12142710196586243,0.53,0.5,1.0
S1_compatible,16,H2,-0.35667494393873245,0.09979758858967906,0.28676932341735883,100,0.12160029166857274,0.53,0.5,1.0
S1_compatible,17,H1,-0.35667494393873245,-0.4813295972065398,0.2754543161151846,100,0.13179557721558355,0.55,0.5,1.0
S1_compatible,17,H2,-0.35667494393873245,-0.0089279311432203,0.25133779883872415,100,0.1583012650091138,0.64,0.5,1.0
S1_compatible,18,H1,-0.35667494393873245,0.10011653704529377,0.28006930522666,100,0.12748790132685542,0.53,0.5,1.0
S1_compatible,18,H2,-0.35667494393873245,-0.5498394095547213,0.28927708344614383,100,0.11950111010138788,0.52,0.5,1.0
S1_compatible,19,H1,-0.35667494393873245,-0.5108370175877698,0.2785909824684873,100,0.12884450167918635,0.53,0.5,1.0
S1_compatible,19,H2,-0.35667494393873245,-0.3188132934701387,0.26348729786052116,100,0.14403917745681347,0.61,0.5,1.0
S2_mixed,0,H1,-0.35667494393873245,-0.22781721691325374,0.2683634486051572,100,0.13885236194829648,0.56,0.5,1.0
S2_mixed,0,H2,0.24332505606126753,0.33322084620917664,0.24187271306548958,100,0.17093313104993343,0.7,0.5,1.0
S2_mixed,1,H1,-0.35667494393873245,-0.5471740197190955,0.26795785125807164,100,0.13927303089060453,0.57,0.5,1.0
S2_mixed,1,H2,0.24332505606126753,0.06648567856174711,0.25054021533876797,100,0.15931075920079146,0.66,0.5,1.0
S2_mixed,2,H1,-0.35667494393873245,-0.1548394567572606,0.2659109292572029,100,0.14142546799730474,0.58,0.5,1.0
S2_mixed,2,H2,0.24332505606126753,0.21159624059618376,0.25458276299898847,100,0.15429150270006753,0.63,0.5,1.0
S2_mixed,3,H1,-0.35667494393873245,-0.13723189875860403,0.281205809614929,100,0.12645948894058506,0.52,0.5,1.0
S2_mixed,3,H2,0.24332505606126753,0.24989309895057182,0.2426007344624685,100,0.1699087627070355,0.71,0.5,1.0
S2_mixed,4,H1,-0.35667494393873245,-0.3884659138183397,0.2830774887205037,100,0.12479274324439721,0.52,0.5,1.0
S2_mixed,4,H2,0.24332505606126753,0.33975143563338855,0.24825124045581876,100,0.16226211987000907,0.66,0.5,1.0
S2_mixed,5,H1,-0.35667494393873245,-0.8247788954823688,0.2591541395014175,100,0.148896229228527,0.62,0.5,1.0
S2_mixed,5,H2,0.24332505606126753,0.09727547976882456,0.24085959969754336,100,0.17237412694454796,0.7,0.5,1.0
S2_mixed,6,H1,-0.35667494393873245,-0.20351677657281295,0.2709187087741169,100,0.13624544944868672,0.55,0.5,1.0
S2_mixed,6,H2,0.24332505606126753,0.5567622951612963,0.2347718308903476,100,0.1814295512100943,0.74,0.5,1.0
S2_mixed,7,H1,-0.35667494393873245,-0.27988684169864175,0.27552021214592626,100,0.13173254179056046,0.53,0.5,1.0
S2_mixed,7,H2,0.24332505606126753,0.07349278862185848,0.2463476834031756,100,0.16477944461677493,0.69,0.5,1.0
S2_mixed,8,H1,-0.35667494393873245,-0.7762823017099257,0.2748048524458717,100,0.13241927498620987,0.57,0.5,1.0
S2_mixed,8,H2,0.24332505606126753,-0.05640600399233877,0.24700181011091193,100,0.16390784038299208,0.66,0.5,1.0
S2_mixed,9,H1,-0.35667494393873245,-0.687973793082118,0.25973697734615,100,0.14822874637409073,0.65,0.5,1.0
S2_mixed,9,H2,0.24332505606126753,0.35847991905372667,0.2614060682884946,100,0.14634189343554274,0.65,0.5,1.0
S2_mixed,10,H1,-0.35667494393873245,-0.6038989923510522,0.27617647549099156,100,0.13110722767823133,0.54,0.5,1.0
S2_mixed,10,H2,0.24332505606126753,0.43113703901488626,0.24897199608106893,100,0.16132400590747475,0.67,0.5,1.0
S2_mixed,11,H1,-0.35667494393873245,-0.2014382525612921,0.25903310647557126,100,0.1490354050399873,0.61,0.5,1.0
S2_mixed,11,H2,0.24332505606126753,0.7178855970413242,0.2522885905559337,100,0.15711034379200356,0.68,0.5,1.0
S2_mixed,12,H1,-0.35667494393873245,-0.3197366672849538,0.277189686188212,100,0.13015050765068986,0.54,0.5,1.0
S2_mixed,12,H2,0.24332505606126753,0.047125182590771746,0.2548133682326656,100,0.15401236249484293,0.62,0.5,1.0
S2_mixed,13,H1,-0.35667494393873245,-0.7862289548860115,0.27643328399317135,100,0.13086374172242812,0.57,0.5,1.0
S2_mixed,13,H2,0.24332505606126753,0.2616616053372384,0.2586536686503019,100,0.14947298745416973,0.62,0.5,1.0
S2_mixed,14,H1,-0.35667494393873245,-0.47967555689556035,0.2733431571902196,100,0.13383927867279458,0.56,0.5,1.0
S2_mixed,14,H2,0.24332505606126753,0.12865182797882752,0.2541461526576462,100,0.15482208819214438,0.62,0.5,1.0
S2_mixed,15,H1,-0.35667494393873245,-0.6233453944537729,0.2612946128442745,100,0.14646676458549676,0.62,0.5,1.0
S2_mixed,15,H2,0.24332505606126753,0.6186645300559649,0.24421424238249373,100,0.16767102678530435,0.68,0.5,1.0
S2_mixed,16,H1,-0.35667494393873245,-0.3023944542277431,0.28697375799741187,100,0.12142710196586243,0.53,0.5,1.0
S2_mixed,16,H2,0.24332505606126753,0.5895487760205709,0.26752732812617364,100,0.13972164679784063,0.6,0.5,1.0
S2_mixed,17,H1,-0.35667494393873245,-0.4813295972065398,0.2754543161151846,100,0.13179557721558355,0.55,0.5,1.0
S2_mixed,17,H2,0.24332505606126753,0.47418067628645894,0.24339335174979634,100,0.1688039392676593,0.71,0.5,1.0
S2_mixed,18,H1,-0.35667494393873245,0.10011653704529377,0.28006930522666,100,0.12748790132685542,0.53,0.5,1.0
S2_mixed,18,H2,0.24332505606126753,0.035895833246666065,0.2528297111596361,100,0.15643855038592067,0.63,0.5,1.0
S2_mixed,19,H1,-0.35667494393873245,-0.5108370175877698,0.2785909824684873,100,0.12884450167918635,0.53,0.5,1.0
S2_mixed,19,H2,0.24332505606126753,0.2552162097322307,0.2510724852527893,100,0.15863600234284506,0.71,0.5,1.0
S3_conflict,0,H1,0.8433250560612675,1.1105707416329222,0.2503043895033921,100,0.1596110918570434,0.76,0.5,1.0
S3_conflict,0,H2,0.8433250560612675,0.911819571266972,0.23361630978814005,100,0.18322877621742334,0.8,0.5,1.0
S3_conflict,1,H1,0.8433250560612675,0.7206962386036587,0.2337037263178573,100,0.18309172895331446,0.78,0.5,1.0
S3_conflict,1,H2,0.8433250560612675,0.9282669066182527,0.24250583791835367,100,0.17004176494137346,0.83,0.5,1.0
S3_conflict,2,H1,0.8433250560612675,0.9917686841442153,0.24524788300144323,100,0.16626064675988778,0.78,0.5,1.0
S3_conflict,2,H2,0.8433250560612675,1.0027778638563865,0.24133848835106386,100,0.17169072071301103,0.75,0.5,1.0
S3_conflict,3,H1,0.8433250560612675,0.9561566725336907,0.24733100503959782,100,0.16347181157776794,0.71,0.5,1.0
S3_conflict,3,H2,0.8433250560612675,0.7459032091471653,0.2386919674722032,100,0.17551910329868375,0.78,0.5,1.0
S3_conflict,4,H1,0.8433250560612675,0.6628154583229966,0.2429332604994123,100,0.1694439402324934,0.71,0.5,1.0
S3_conflict,4,H2,0.8433250560612675,0.9066459193650453,0.24172062827549118,100,0.17114829272361243,0.73,0.5,1.0
S3_conflict,5,H1,0.8433250560612675,0.4582747070381316,0.22170917022867123,100,0.20343828538348616,0.86,0.5,1.0
S3_conflict,5,H2,0.8433250560612675,0.5702887572972754,0.23501372280410135,100,0.18105626444671097,0.76,0.5,1.0
S3_conflict,6,H1,0.8433250560612675,0.9771153583401424,0.242380347732963,100,0.17021788562715254,0.73,0.5,1.0
S3_conflict,6,H2,0.8433250560612675,1.0150250673987995,0.23475232485478287,100,0.18145970314414353,0.77,0.5,1.0
S3_conflict,7,H1,0.8433250560612675,0.8354839639518429,0.2434476594977222,100,0.16872863487340484,0.73,0.5,1.0
S3_conflict,7,H2,0.8433250560612675,0.7734118483693427,0.24095227555380216,100,0.17224155423809265,0.77,0.5,1.0
S3_conflict,8,H1,0.8433250560612675,0.42140134256213824,0.23081210450950493,100,0.1877080241747603,0.77,0.5,1.0
S3_conflict,8,H2,0.8433250560612675,0.6473734437964578,0.2311606738289912,100,0.18714235764962256,0.77,0.5,1.0
S3_conflict,9,H1,0.8433250560612675,0.6632971734414878,0.2211608140804848,100,0.2044483642649496,0.87,0.5,1.0
S3_conflict,9,H2,0.8433250560612675,0.9580847755858624,0.2558578400582172,100,0.15275749974758676,0.75,0.5,1.0
S3_conflict,10,H1,0.8433250560612675,0.725788283342276,0.23381758739060818,100,0.18291345370024858,0.79,0.5,1.0
S3_conflict,10,H2,0.8433250560612675,1.194914822791563,0.2521038718975539,100,0.15734066031787963,0.76,0.5,1.0
S3_conflict,11,H1,0.8433250560612675,1.1414515184015863,0.24464763015670393,100,0.16707750205382335,0.78,0.5,1.0
S3_conflict,11,H2,0.8433250560612675,1.247752207354848,0.2510318888708697,100,0.15868731509440176,0.76,0.5,1.0
S3_conflict,12,H1,0.8433250560612675,0.8924569501701412,0.24004237452980975,100,0.1735498216001935,0.73,0.5,1.0
S3_conflict,12,H2,0.8433250560612675,0.7595618194841273,0.23583117861036199,100,0.1798032581088553,0.75,0.5,1.0
S3_conflict,13,H1,0.8433250560612675,0.4572925504964315,0.23154657436231105,100,0.18651908645244167,0.82,0.5,1.0
S3_conflict,13,H2,0.8433250560612675,0.8281703731006071,0.2496652871542328,100,0.16042929439215914,0.69,0.5,1.0
S3_conflict,14,H1,0.8433250560612675,0.8345880689335129,0.2369447709189418,100,0.17811715201621706,0.77,0.5,1.0
S3_conflict,14,H2,0.8433250560612675,0.6366131235826993,0.2440349287037122,100,0.16791752227464068,0.69,0.5,1.0
S3_conflict,15,H1,0.8433250560612675,0.47703098511975434,0.23004588498821774,100,0.1889605140777676,0.83,0.5,1.0
S3_conflict,15,H2,0.8433250560612675,1.1243281480868448,0.24663567740578335,100,0.1643948466895729,0.71,0.5,1.0
S3_conflict,16,H1,0.8433250560612675,0.9735205513187206,0.24674759077689815,100,0.16424575660776555,0.7,0.5,1.0
S3_conflict,16,H2,0.8433250560612675,1.0797301045766845,0.26188166339909225,100,0.14581084220147175,0.66,0.5,1.0
S3_conflict,17,H1,0.8433250560612675,0.8875322760213048,0.23452932788791664,100,0.18180494099884564,0.76,0.5,1.0
S3_conflict,17,H2,0.8433250560612675,0.8126857901835112,0.24233899617710017,100,0.17027598089905382,0.75,0.5,1.0
S3_conflict,18,H1,0.8433250560612675,1.1411544783636653,0.26399439990850426,100,0.1434863444509754,0.72,0.5,1.0
S3_conflict,18,H2,0.8433250560612675,0.6709672705921874,0.23549771554625826,100,0.1803128188501374,0.74,0.5,1.0
S3_conflict,19,H1,0.8433250560612675,0.624522264701062,0.25644873706203036,100,0.15205435759924896,0.71,0.5,1.0
S3_conflict,19,H2,0.8433250560612675,1.0416616999237036,0.2526373549825578,100,0.15667686334152492,0.83,0.5,1.0
