scenario,repetition,method,theta_true,theta_mean,theta_sd,theta_lower,theta_upper,bias,squared_error,covered,cri_width,m_mean,m_sd,prior_precision,current_unit_information,equivalent_ess,theta_ess,theta_lag1,m_ess,m_lag1,runtime_seconds,uip_mean,uip_unit_information,m_max,commensurate_precision_mean,commensurate_precision_ess,failed,error,weight_1_mean,weight_1_ess,weight_2_mean,weight_2_ess
S1_compatible,0,IC-NIP,-0.35667494393873245,-0.6194417283806107,0.29825400549426906,-1.2845024188681058,-0.03339273557160037,-0.2627667844418783,0.06904638300592453,1.0,1.2511096832965054,0.0,0.0,0.0,0.14051977420152767,0.0,170.71678120828534,0.404722818908762,400.0,0.0,0.2706204999994952,,,,,,False,,,,,
S1_compatible,0,IC-UIP,-0.35667494393873245,-0.4833032719833162,0.22860469474603182,-0.9475012018221112,-0.05610356113168559,-0.12662832804458374,0.016034733463366712,1.0,0.8913976406904256,43.695692614276304,21.610504188842686,6.411689159551587,0.14051977420152767,45.62837647572794,201.60009778252757,0.36016476125883,400.0,-0.0033123253141021827,0.424929400003748,-0.16511039189017565,0.14686289729162982,80.0,,,False,,0.5081432852211096,397.87516833788993,0.49185671477889037,397.8751683378899
S1_compatible,0,IC-CP,-0.35667494393873245,-0.5153464601630655,0.2374902069268625,-1.0205016709557426,-0.09601138220880298,-0.15867151622433306,0.02517665006092879,1.0,0.9244902887469396,,,12.082374237080076,0.14051977420152767,85.98344471968787,143.68218629103313,0.4957721206576937,,,0.22654340000008233,,,,12.082374237080076,234.39696949241466,False,,,,,
S1_compatible,1,IC-NIP,-0.35667494393873245,-0.3535032765396729,0.31918982654563505,-1.0007772137273934,0.23913067333764712,0.0031716673990595523,1.0059474090257186e-05,1.0,1.2399078870650404,0.0,0.0,0.0,0.12269078114301457,0.0,160.93454041908095,0.4783148762887601,400.0,0.0,0.2459435999917332,,,,,,False,,,,,
S1_compatible,1,IC-UIP,-0.35667494393873245,-0.40275172491008765,0.2518997078375411,-0.8787030953926824,0.10823502192700858,-0.0460767809713552,0.0021230697446822408,1.0,0.986938117319691,45.08742447148772,21.513729076914984,6.1560208076116965,0.12269078114301457,50.17508854586171,204.26426349601715,0.34065158824635733,332.6079454217644,0.0019436501632174343,0.4359058999980334,-0.5355898056288035,0.13656311433456686,80.0,,,False,,0.5142835296975679,400.0,0.4857164703024322,400.0
S1_compatible,1,IC-CP,-0.35667494393873245,-0.40828934041317255,0.24928749216408444,-0.8880195977671314,0.050268432597282434,-0.051614396474440105,0.0026640459234206952,1.0,0.9382880303644138,,,13.25114044579188,0.12269078114301457,108.00436937756294,191.9236393329238,0.3682433847889601,,,0.22948740000720136,,,,13.25114044579188,345.96995678576155,False,,,,,
S1_compatible,2,IC-NIP,-0.35667494393873245,-0.5566898858259932,0.3153913181781982,-1.226172176489589,0.09031486421868913,-0.20001494188726077,0.0400059769781643,1.0,1.316487040708278,0.0,0.0,0.0,0.12566390303098426,0.0,150.9933770250547,0.45618445959307363,400.0,0.0,0.2418745999748353,,,,,,False,,,,,
S1_compatible,2,IC-UIP,-0.35667494393873245,-0.4313185808086986,0.25897829692150615,-0.9521086324235304,0.06324191919586492,-0.07464363686996617,0.0055716725251753725,1.0,1.0153505516193952,44.22938202435909,21.822222150360883,6.019689458110446,0.12566390303098426,47.90309160321245,199.52034348554392,0.32638061345735675,344.8620405226411,0.005206712905663999,0.4297406999976374,-0.23305259526419547,0.13613393221463738,80.0,,,False,,0.48861493757984015,399.31461627132035,0.5113850624201599,399.31461627132035
S1_compatible,2,IC-CP,-0.35667494393873245,-0.4082417127875786,0.28352200377468445,-0.9959778505876448,0.08742565002851582,-0.051566768848846145,0.002659131649510329,1.0,1.0834035006161606,,,14.501750579624693,0.12566390303098426,115.40108360353152,125.50598454502445,0.47260706886586834,,,0.23402910001459531,,,,14.501750579624693,312.18291483808906,False,,,,,
S1_compatible,3,IC-NIP,-0.35667494393873245,-0.8580916893363448,0.3144495201875218,-1.5466263307850339,-0.259487754015103,-0.5014167453976124,0.251418752565134,1.0,1.2871385767699308,0.0,0.0,0.0,0.12641777439657534,0.0,94.36040157238293,0.4341451371113636,400.0,0.0,0.2358333999873139,,,,,,False,,,,,
S1_compatible,3,IC-UIP,-0.35667494393873245,-0.5674253040849687,0.2590286552060202,-1.0617379725657305,-0.057774668703368455,-0.21075036014623627,0.04441571430176829,1.0,1.003963303862362,42.01628419969998,21.36053381480465,5.8968414044622355,0.12641777439657534,46.64566697688977,157.59559593270575,0.4801243092833414,337.3622534493557,0.07790160753321768,0.4446645999851171,-0.17366688532982189,0.13997486283920735,80.0,,,False,,0.5181834071137261,400.0,0.4818165928862739,400.0
S1_compatible,3,IC-CP,-0.35667494393873245,-0.6015671302367973,0.2642845880425461,-1.1223600148704906,-0.12175528009919548,-0.24489218629806486,0.05997218290984611,1.0,1.0006047347712952,,,12.210765724100357,0.12641777439657534,96.59057662093399,136.37173788941635,0.5063711659519403,,,0.23403779999352992,,,,12.210765724100357,251.0203991449576,False,,,,,
S1_compatible,4,IC-NIP,-0.35667494393873245,-0.48727105777863405,0.3088820290620401,-1.1003166365446995,0.13709055970279613,-0.1305961138399016,0.01705534495008454,1.0,1.2374071962474955,0.0,0.0,0.0,0.1310161188402531,0.0,111.6554209925073,0.4895110361809628,400.0,0.0,0.2272618999995757,,,,,,False,,,,,
S1_compatible,4,IC-UIP,-0.35667494393873245,-0.46907181247281216,0.2577444805367024,-0.9852300204280673,0.04808217470302868,-0.11239686853407971,0.012633056056267198,1.0,1.033312195131096,47.12001166949913,20.886448373749477,6.172802385723027,0.1310161188402531,47.114831673875756,204.86945732186717,0.3882656130222518,318.98336458992566,0.02667513804611887,0.42867049999767914,-0.3091694853444939,0.13107378139601425,80.0,,,False,,0.5405366867071199,276.0545692749567,0.45946331329288015,276.0545692749567
S1_compatible,4,IC-CP,-0.35667494393873245,-0.5033596733352667,0.21928927605537563,-0.931684116302408,-0.1101381267385623,-0.1466847293965342,0.02151640983813447,1.0,0.8215459895638457,,,12.99293629864503,0.1310161188402531,99.17051744211118,190.27511942468337,0.4215984603966957,,,0.25530129999970086,,,,12.99293629864503,376.17794820437933,False,,,,,
S1_compatible,5,IC-NIP,-0.35667494393873245,-0.28589370449431495,0.31863884979517676,-0.9386799031828579,0.33294235287740565,0.0707812394444175,0.005009983857287964,1.0,1.2716222560602635,0.0,0.0,0.0,0.12311545135049871,0.0,131.15350074537955,0.5095130945291435,400.0,0.0,0.6028041000245139,,,,,,False,,,,,
S1_compatible,5,IC-UIP,-0.35667494393873245,-0.43699859414532405,0.2349288714245511,-0.9159625262848553,0.03413935961914145,-0.0803236502065916,0.006451888782510883,1.0,0.9501018859039968,43.69980996902683,21.28658709899263,6.3479170986342,0.12311545135049871,51.56068575472502,210.56850800461626,0.2694116088180269,400.0,-0.0019258930471516443,1.0428727999969851,-0.6658192883609181,0.14532347032642748,80.0,,,False,,0.45506201428996634,342.9168523152119,0.5449379857100337,342.9168523152119
S1_compatible,5,IC-CP,-0.35667494393873245,-0.48759156179871455,0.24787792023778035,-0.9305968305698232,-0.009963952434124375,-0.1309166178599821,0.017139160831896583,1.0,0.9206328781356988,,,13.365084284759646,0.12311545135049871,108.55732678679334,129.82929067149024,0.41885942056452885,,,0.5936653999960981,,,,13.365084284759646,313.6924709359692,False,,,,,
S1_compatible,6,IC-NIP,-0.35667494393873245,-0.41375217067997566,0.2600362448520168,-0.9435405319068776,0.06157114056648821,-0.057077226741243214,0.0032578098124712894,1.0,1.0051116724733657,0.0,0.0,0.0,0.18485969891549758,0.0,163.62286094127637,0.3683066363301673,400.0,0.0,0.5068597000208683,,,,,,False,,,,,
S1_compatible,6,IC-UIP,-0.35667494393873245,-0.2572838398577948,0.2407271332585678,-0.7520840723915231,0.19192051648568453,0.09939110408093765,0.009878591570427782,1.0,0.9440045888772076,43.948751692479746,21.353327320857563,6.536338171225508,0.18485969891549758,35.35837291509046,202.1155284769953,0.36448403044039973,367.35242403170975,0.08908487642880708,0.9786862000182737,-0.1130203924548357,0.1487140424336086,80.0,,,False,,0.5109037733173407,400.0,0.48909622668265923,400.0
S1_compatible,6,IC-CP,-0.35667494393873245,-0.27693404872350946,0.23506081231734677,-0.7437909762175041,0.1746605789562907,0.07974089521522298,0.006358610369725172,1.0,0.9184515551737948,,,12.899855115909425,0.18485969891549758,69.78186804148243,138.39998556214002,0.44397201363376254,,,0.5417846000054851,,,,12.899855115909425,296.3815424830922,False,,,,,
S1_compatible,7,IC-NIP,-0.35667494393873245,-0.45367055417200264,0.32241540780348443,-1.0422532537353089,0.2329910972135746,-0.09699561023327019,0.00940814840452447,1.0,1.2752443509488836,0.0,0.0,0.0,0.12024815927496531,0.0,151.44082962461414,0.5108077264746026,400.0,0.0,0.5396695999952499,,,,,,False,,,,,
S1_compatible,7,IC-UIP,-0.35667494393873245,-0.4490263882690621,0.24687728280993532,-0.8822495888245611,0.06171581527890583,-0.09235144433032966,0.008528789269897977,1.0,0.9439654041034669,47.354509733920324,21.250020131260126,6.211354359226616,0.12024815927496531,51.654465204938646,114.07817614918987,0.47449518840172317,400.0,-0.02239008190061,0.9714313999866135,-0.44421532690021853,0.1311564860007165,80.0,,,False,,0.5154641203626588,358.4605445672123,0.48453587963734124,358.4605445672123
S1_compatible,7,IC-CP,-0.35667494393873245,-0.43926614995071206,0.24122049507021295,-0.9299257954783009,0.048988879411448395,-0.08259120601197961,0.006821307310513257,1.0,0.9789146748897493,,,15.785296867598904,0.12024815927496531,131.2726694759915,135.15315554879896,0.4552636559093257,,,0.5509603999962565,,,,15.785296867598904,386.2645162989816,False,,,,,
S1_compatible,8,IC-NIP,-0.35667494393873245,-0.23215049404912705,0.27996536646369796,-0.788766579444606,0.29777832219267003,0.1245244498896054,0.015506338620308846,1.0,1.0865449016372761,0.0,0.0,0.0,0.1594782251767009,0.0,187.12920386654287,0.4031820424021476,400.0,0.0,0.5262040999950841,,,,,,False,,,,,
S1_compatible,8,IC-UIP,-0.35667494393873245,-0.39739875084934384,0.2490424752154841,-0.8791182022421653,0.10840288144718824,-0.04072380691061139,0.0016584284492927603,1.0,0.9875210836893535,44.35688069618228,21.588337374263652,5.88694387591767,0.1594782251767009,36.91377847599553,211.2049136036495,0.3423896478218001,301.677828909646,0.15124427619259828,0.9757693999854382,-0.705171031634025,0.13271563664543123,80.0,,,False,,0.48944386917297783,280.88439474157053,0.5105561308270221,280.88439474157065
S1_compatible,8,IC-CP,-0.35667494393873245,-0.3919887301588581,0.24142975951253526,-0.8586163084612569,0.0935248551169684,-0.035313786220125654,0.0012470634972007364,1.0,0.9521411635782253,,,11.630570489488314,0.1594782251767009,72.92889343734363,115.51135385313803,0.4321484999549919,,,0.5126760999846738,,,,11.630570489488314,215.79363296790282,False,,,,,
S1_compatible,9,IC-NIP,-0.35667494393873245,-0.7315125783889167,0.29266065221110793,-1.2726164422281645,-0.16885623344665635,-0.37483763445018425,0.14050325220020995,1.0,1.1037602087815082,0.0,0.0,0.0,0.1459423519130385,0.0,231.5819897851322,0.2710032405969027,400.0,0.0,0.5098137999884784,,,,,,False,,,,,
S1_compatible,9,IC-UIP,-0.35667494393873245,-0.6481293811566455,0.2467599225687016,-1.1091364932152148,-0.1585785710324788,-0.2914544372179131,0.08494568897401045,1.0,0.950557922182736,44.63039410922089,21.378919432507438,5.986138290538409,0.1459423519130385,41.01714281064431,203.18478549739268,0.31290124541203895,347.6662146486392,0.05850426154853373,0.9738343000062741,-0.5508120325496779,0.1337992153114694,80.0,,,False,,0.5311752603192104,370.2127636340996,0.4688247396807897,370.2127636340996
S1_compatible,9,IC-CP,-0.35667494393873245,-0.6375970071725017,0.2504901900534908,-1.1653372912158466,-0.19409777156069177,-0.2809220632337692,0.07891720561151784,1.0,0.9712395196551549,,,13.895071194072079,0.1459423519130385,95.20931389643236,181.45810995453758,0.3289468641054675,,,0.5529558999987785,,,,13.895071194072079,280.2448703471299,False,,,,,
S1_compatible,10,IC-NIP,-0.35667494393873245,-0.6151999994507747,0.32372869272902627,-1.3846023434755534,-0.03532636823551024,-0.2585250555120423,0.06683520432750455,1.0,1.3492759752400432,0.0,0.0,0.0,0.1192745058570229,0.0,219.48445801733212,0.3535446904043234,400.0,0.0,0.5524839000136126,,,,,,False,,,,,
S1_compatible,10,IC-UIP,-0.35667494393873245,-0.5763724098208557,0.266041837236232,-1.1116996353169055,-0.10215343375591712,-0.21969746588212324,0.048266976515026705,1.0,1.0095462015609884,44.24180564516454,21.90946194953422,5.861396373370323,0.1192745058570229,49.14207215745261,184.9158378736457,0.41758450557340615,369.28525108659244,0.008025679713415676,0.921964700013632,-0.44260580252979687,0.1325227759957655,80.0,,,False,,0.5452439204769332,286.0708238954585,0.4547560795230669,286.0708238954585
S1_compatible,10,IC-CP,-0.35667494393873245,-0.5504971002097541,0.2529985001216497,-1.0478859541325622,-0.11209292284479791,-0.19382215627102162,0.03756702826154833,1.0,0.9357930312877644,,,13.86992790618358,0.1192745058570229,116.2857712679169,202.00439405834106,0.3711096733187273,,,0.5418993000057526,,,,13.86992790618358,400.0,False,,,,,
S1_compatible,11,IC-NIP,-0.35667494393873245,-0.10788327954304795,0.2807221929351997,-0.6406618614478335,0.42826718189626656,0.2487916643956845,0.06189729227277491,1.0,1.0689290433441,0.0,0.0,0.0,0.15861947837592635,0.0,195.60862925803158,0.3935430612832948,400.0,0.0,0.5619838999991771,,,,,,False,,,,,
S1_compatible,11,IC-UIP,-0.35667494393873245,-0.08677524953351799,0.2499596880667892,-0.6522963331926899,0.3954002176211068,0.26989969440521444,0.07284584504002814,1.0,1.0476965508137965,46.49381442001114,21.137503659923382,6.960457539127591,0.15861947837592635,43.881480448645696,127.45050588134878,0.3680474719062953,400.0,0.06375361266349107,1.054951500002062,-0.02299459733153613,0.14971468365034116,80.0,,,False,,0.5100047249570343,271.90382248821265,0.48999527504296575,271.9038224882127
S1_compatible,11,IC-CP,-0.35667494393873245,-0.09993979080508193,0.24126446580619834,-0.5820582796027055,0.3853033552085598,0.25673515313365053,0.06591293885455898,1.0,0.9673616348112652,,,14.368100153066992,0.15861947837592635,90.58219268011183,134.01765511995694,0.48621850788170407,,,0.6215067000011913,,,,14.368100153066992,261.6325131960394,False,,,,,
S1_compatible,12,IC-NIP,-0.35667494393873245,-0.5434233156463387,0.2843793671132892,-1.0797970172262121,-0.016455926264732173,-0.18674837170760628,0.03487495433544228,1.0,1.06334109096148,0.0,0.0,0.0,0.1545659566825177,0.0,192.85713493818713,0.40832572221572144,400.0,0.0,0.5628984000068158,,,,,,False,,,,,
S1_compatible,12,IC-UIP,-0.35667494393873245,-0.5351154762557825,0.24624005949674332,-1.0502986188713086,-0.12850210488387948,-0.17844053231705004,0.03184102357359218,1.0,0.9217965139874291,45.84974519423181,21.947211384173638,6.0245546837907025,0.1545659566825177,38.97724190434305,217.16542938492645,0.29709504430816913,373.32958162350906,-0.03550092683647884,1.235409000015352,-0.40041008542452644,0.1313843197202357,80.0,,,False,,0.48639715691431157,299.70933709189813,0.5136028430856885,299.70933709189813
S1_compatible,12,IC-CP,-0.35667494393873245,-0.538711648761316,0.2231248078996418,-0.9834576813052468,-0.1578242604324792,-0.1820367048225836,0.03313736190266443,1.0,0.8256334208727676,,,14.984295134913378,0.1545659566825177,96.94434309161292,262.3260754374377,0.21415065049178197,,,0.6006267000047956,,,,14.984295134913378,347.2664263997627,False,,,,,
S1_compatible,13,IC-NIP,-0.35667494393873245,-0.5657914902685831,0.27229048536737716,-1.0678090541592644,-0.02463641907299378,-0.20911654632985066,0.04372972994892458,1.0,1.0431726350862707,0.0,0.0,0.0,0.16859515147478643,0.0,199.99675010141638,0.3754569963935714,400.0,0.0,0.6341706000093836,,,,,,False,,,,,
S1_compatible,13,IC-UIP,-0.35667494393873245,-0.6005699682764125,0.22548548113306957,-1.0431683951284048,-0.14008170980245863,-0.24389502433768007,0.05948478289667755,1.0,0.9030866853259462,44.80837454740893,21.850046401454886,5.722106737045117,0.16859515147478643,33.93992464783819,185.1743160566959,0.4335355788285158,400.0,-0.0026725247404396075,1.0697197999979835,-0.5840297084724141,0.12769442914530266,80.0,,,False,,0.5165570920028221,327.50767278000245,0.4834429079971779,327.50767278000245
S1_compatible,13,IC-CP,-0.35667494393873245,-0.6065625258632754,0.2269372418478221,-1.068570732904966,-0.177583780845189,-0.24988758192454297,0.062443803600095174,1.0,0.8909869520597771,,,15.296603008816506,0.16859515147478643,90.72979190094993,169.53840643163147,0.41141161625718914,,,0.6225353000045288,,,,15.296603008816506,358.35818298285983,False,,,,,
S1_compatible,14,IC-NIP,-0.35667494393873245,-0.6075390371946306,0.35085194567058064,-1.357365561436845,0.02932403533224854,-0.2508640932558982,0.06293279328510398,1.0,1.3866895967690935,0.0,0.0,0.0,0.10154586290664809,0.0,161.03505430173675,0.38157705722862345,400.0,0.0,0.6217231000191532,,,,,,False,,,,,
S1_compatible,14,IC-UIP,-0.35667494393873245,-0.5068134164046555,0.2690515689188992,-1.0543888393979726,0.05193141521861826,-0.15013847246592305,0.02254156091440073,1.0,1.106320254616591,45.35235144397566,21.2772075606664,5.851734853827168,0.10154586290664809,57.626521517737395,302.343926244309,0.26881581140962263,365.08915603251194,0.029637310221597428,1.0378121999965515,-0.47766314177615554,0.1290306175203629,80.0,,,False,,0.4807957942068973,279.29449373079746,0.5192042057931028,279.29449373079746
S1_compatible,14,IC-CP,-0.35667494393873245,-0.5104225962110435,0.24102656226309216,-0.9632524022811046,-0.057166326681299645,-0.15374765227231102,0.023638340579247463,1.0,0.906086075599805,,,12.96411486490494,0.10154586290664809,127.66758284207947,208.11070279752764,0.3267972596761224,,,0.5617720000154804,,,,12.96411486490494,345.8548654216958,False,,,,,
S1_compatible,15,IC-NIP,-0.35667494393873245,-0.15268875412356522,0.2863067939399309,-0.7029765547808204,0.4103489737527986,0.20398618981516722,0.04161036563530943,1.0,1.113325528533619,0.0,0.0,0.0,0.15249187536628384,0.0,146.54479179048653,0.4049008363078659,400.0,0.0,0.5139021999784745,,,,,,False,,,,,
S1_compatible,15,IC-UIP,-0.35667494393873245,-0.1508922365389086,0.2552423009008917,-0.6669460946413456,0.2949631128447282,0.20578270739982385,0.04234652266480152,1.0,0.9619092074860738,45.09943811565863,20.91688251999241,6.575167766432248,0.15249187536628384,43.11815138110647,190.91020652777445,0.41414729826421665,400.0,-0.01310376657036518,0.9253458000021055,-0.2654828322535983,0.1457999405931532,80.0,,,False,,0.44488232491113794,295.4338805497733,0.5551176750888621,295.4338805497733
S1_compatible,15,IC-CP,-0.35667494393873245,-0.17543140375401323,0.23246256585453182,-0.5871681426205351,0.3143083534850446,0.18124354018471922,0.03284922085868993,1.0,0.9014764961055797,,,14.427670993996964,0.15249187536628384,94.61271926351391,204.79819369395094,0.40108799724232064,,,0.5091831999889109,,,,14.427670993996964,297.88064847748063,False,,,,,
S1_compatible,16,IC-NIP,-0.35667494393873245,-0.8058349945195541,0.3018586081462388,-1.39976517247347,-0.19905567292227708,-0.44916005058082165,0.20174475103776626,1.0,1.200709499551193,0.0,0.0,0.0,0.13718381703305627,0.0,147.37596921039116,0.44288683196423556,400.0,0.0,0.5503624999837484,,,,,,False,,,,,
S1_compatible,16,IC-UIP,-0.35667494393873245,-0.6384854332997668,0.27686703129055074,-1.1623767554902755,-0.1285851695390621,-0.28181048936103437,0.07941715191390566,1.0,1.0337915859512135,39.30596018665792,21.818634179633243,4.775529919677625,0.13718381703305627,34.81117542112783,82.95965562246343,0.47119615391235786,306.47143165696684,0.13584140698067565,1.00743609998608,-0.1369390628024977,0.12149834944717018,80.0,,,False,,0.5886159500665332,400.0,0.4113840499334668,400.0
S1_compatible,16,IC-CP,-0.35667494393873245,-0.6544207766175199,0.2797879769527049,-1.1782934781200654,-0.1274437732487926,-0.2977458326787874,0.08865258087758446,1.0,1.0508497048712728,,,7.569363088726885,0.13718381703305627,55.17679309727142,83.03044999752305,0.5727402325086042,,,0.6178025999979582,,,,7.569363088726885,224.5804053152084,False,,,,,
S1_compatible,17,IC-NIP,-0.35667494393873245,-0.765398667014842,0.35745155520584226,-1.5180989848983182,0.004404047707397648,-0.4087237230761096,0.16705508180519632,1.0,1.5225030326057158,0.0,0.0,0.0,0.09783080590016345,0.0,132.27232357772314,0.36314555443588753,400.0,0.0,0.6340267999912612,,,,,,False,,,,,
S1_compatible,17,IC-UIP,-0.35667494393873245,-0.6078940684168676,0.2933218717671692,-1.279033083919613,-0.0992311630508806,-0.2512191244781351,0.06311104850356074,1.0,1.1798019208687323,41.2164612118241,22.208790887990133,5.8802133291290435,0.09783080590016345,60.10594796826895,172.21234043132864,0.46139611609068437,280.80878623198544,0.07377253194432656,1.1028110999905039,-0.2799628286364866,0.14309393851093613,80.0,,,False,,0.5737382337193906,286.0725332672597,0.42626176628060947,286.0725332672597
S1_compatible,17,IC-CP,-0.35667494393873245,-0.5535127863852896,0.2769601006227135,-1.1379360345415659,-0.042300933331675374,-0.1968378424465571,0.03874513621901564,1.0,1.0956351012098906,,,11.663897316587404,0.09783080590016345,119.22519915138425,148.07690705573995,0.40206775360610864,,,0.5992503000015859,,,,11.663897316587404,226.7092339064817,False,,,,,
S1_compatible,18,IC-NIP,-0.35667494393873245,-0.8334361160895051,0.3343348046811428,-1.5328650733860918,-0.22710126151745583,-0.4767611721507726,0.22730121527057864,1.0,1.3057638118686359,0.0,0.0,0.0,0.11182704112719931,0.0,159.41463402084685,0.43254286175745754,400.0,0.0,0.5437883999838959,,,,,,False,,,,,
S1_compatible,18,IC-UIP,-0.35667494393873245,-0.675708484617521,0.30331332235079594,-1.2881108609846124,-0.13815908179210598,-0.31903354067878853,0.10178240007804422,1.0,1.1499517791925065,41.10937122615427,22.292580116551513,5.030672416380929,0.11182704112719931,44.986189079783635,180.6737275300969,0.38855215910622337,321.8664517243245,0.1313594181674047,1.0391964000009466,-0.29323299269693703,0.12265434208469284,80.0,,,False,,0.3948058606127358,400.0,0.6051941393872642,400.0
S1_compatible,18,IC-CP,-0.35667494393873245,-0.6817673670896595,0.28312624587262886,-1.2971255725901114,-0.13785383242130425,-0.325092423150927,0.10568508359014138,1.0,1.159271740168807,,,10.319694196164482,0.11182704112719931,92.28263658005754,161.1694788044175,0.3700286890307823,,,0.5682652999821585,,,,10.319694196164482,205.39797682718884,False,,,,,
S1_compatible,19,IC-NIP,-0.35667494393873245,-0.6056887246038392,0.292153868571107,-1.175822621564663,-0.062406102937684664,-0.2490137806651067,0.062007862961129874,1.0,1.1134165186269784,0.0,0.0,0.0,0.14644910778763467,0.0,194.04657759131823,0.3994093789822137,400.0,0.0,0.6191308999841567,,,,,,False,,,,,
S1_compatible,19,IC-UIP,-0.35667494393873245,-0.5082212795044478,0.26074040603824494,-1.0075966817189246,-0.019536281002928823,-0.1515463355657154,0.022966291823396413,1.0,0.9880604007159958,45.08968506299665,20.595817611498777,6.141695667773824,0.14644910778763467,41.937405837117666,174.06379032362037,0.36617507635488006,355.76433303041296,0.0649687604192769,1.0361334000190254,-0.4166920003695077,0.1362941177059764,80.0,,,False,,0.5097219489369441,308.11954328683197,0.49027805106305583,308.1195432868319
S1_compatible,19,IC-CP,-0.35667494393873245,-0.5009800220432278,0.21644731219914914,-0.8879638788250389,-0.08906479710027834,-0.14430507810449533,0.020823955566744497,1.0,0.7988990817247605,,,15.030687152799544,0.14644910778763467,102.63420091705503,133.22862955385028,0.44426811232461577,,,0.6001118999847677,,,,15.030687152799544,362.3699193585618,False,,,,,
S2_mixed,0,IC-NIP,-0.35667494393873245,-0.6194417283806107,0.29825400549426906,-1.2845024188681058,-0.03339273557160037,-0.2627667844418783,0.06904638300592453,1.0,1.2511096832965054,0.0,0.0,0.0,0.14051977420152767,0.0,170.71678120828534,0.404722818908762,400.0,0.0,0.5507483000110369,,,,,,False,,,,,
S2_mixed,0,IC-UIP,-0.35667494393873245,-0.41467523190021516,0.2693669837381471,-0.9328515140712662,0.10971995019999467,-0.05800028796148271,0.0033640334036149164,1.0,1.042571464271261,40.083200521706516,22.539153309752763,6.060111741522532,0.14051977420152767,43.1263982308381,146.32630774047473,0.504800799717617,282.22990979141946,0.14796414449650788,0.9088916000036988,-0.0007841886428017219,0.15183435842435447,80.0,,,False,,0.5953340010356685,211.09910541437367,0.4046659989643316,211.09910541437364
S2_mixed,0,IC-CP,-0.35667494393873245,-0.4498282129878669,0.28733625545769964,-1.0667777421010631,0.06757175013296819,-0.09315326904913446,0.008677531534540431,1.0,1.1343494922340314,,,8.440906762424161,0.14051977420152767,60.06917396777595,118.15717551490333,0.5316469630473043,,,0.5810782999906223,,,,8.440906762424161,256.0880348658864,False,,,,,
S2_mixed,1,IC-NIP,-0.35667494393873245,-0.3535032765396729,0.31918982654563505,-1.0007772137273934,0.23913067333764712,0.0031716673990595523,1.0059474090257186e-05,1.0,1.2399078870650404,0.0,0.0,0.0,0.12269078114301457,0.0,160.93454041908095,0.4783148762887601,400.0,0.0,0.5208669999847189,,,,,,False,,,,,
S2_mixed,1,IC-UIP,-0.35667494393873245,-0.2873868545209788,0.23690365499273863,-0.7386075089691181,0.18832163046380856,0.06928808941775366,0.004800839335162627,1.0,0.9269291394329267,44.59861384086714,21.86027639233105,6.667274687056138,0.12269078114301457,54.342099911194026,182.42432446742595,0.3712944053362098,400.0,0.040107884456369446,1.0025145999970846,-0.2373024854284529,0.14939121468623495,80.0,,,False,,0.49504336824017847,233.88418076801503,0.5049566317598216,233.884180768015
S2_mixed,1,IC-CP,-0.35667494393873245,-0.32724510888794156,0.2485399122937553,-0.8149226208908438,0.13112596294304693,0.029429835050790887,0.0008661151911167599,1.0,0.9460485838338907,,,14.002657283847503,0.12269078114301457,114.12966119699979,144.66703639882704,0.39742548378998893,,,0.5385904999857303,,,,14.002657283847503,235.6415277751318,False,,,,,
S2_mixed,2,IC-NIP,-0.35667494393873245,-0.5566898858259932,0.3153913181781982,-1.226172176489589,0.09031486421868913,-0.20001494188726077,0.0400059769781643,1.0,1.316487040708278,0.0,0.0,0.0,0.12566390303098426,0.0,150.9933770250547,0.45618445959307363,400.0,0.0,0.5840665000141598,,,,,,False,,,,,
S2_mixed,2,IC-UIP,-0.35667494393873245,-0.3783530588123144,0.24943813474730595,-0.8348284793825672,0.07661344495283014,-0.021678114873581955,0.00046994066447221517,1.0,0.9114419243353974,41.50130056821899,21.577629101428233,6.083939243940181,0.12566390303098426,48.41437435251472,183.33925636133944,0.33261452229428945,249.9214598152122,0.16027851611076904,1.0094909999752417,-0.0011830039895138129,0.14682054622765084,80.0,,,False,,0.5806728059588093,289.3844742234098,0.4193271940411907,289.3844742234098
S2_mixed,2,IC-CP,-0.35667494393873245,-0.342996498838944,0.3119846631608989,-0.9675595746677825,0.17344876558615616,0.013678445099788439,0.00018709986034792634,1.0,1.1410083402539386,,,10.805482793354138,0.12566390303098426,85.98716522985832,110.91426654835954,0.5986838052065995,,,0.5813885000243317,,,,10.805482793354138,211.0490153944962,False,,,,,
S2_mixed,3,IC-NIP,-0.35667494393873245,-0.8580916893363448,0.3144495201875218,-1.5466263307850339,-0.259487754015103,-0.5014167453976124,0.251418752565134,1.0,1.2871385767699308,0.0,0.0,0.0,0.12641777439657534,0.0,94.36040157238293,0.4341451371113636,400.0,0.0,0.5189395000052173,,,,,,False,,,,,
S2_mixed,3,IC-UIP,-0.35667494393873245,-0.6324005632693124,0.269579029598821,-1.1277739851258262,-0.1401543270987175,-0.27572561933057993,0.07602461715523187,1.0,0.9876196580271086,33.19058397663919,21.785638362449887,4.701417125249836,0.12641777439657534,37.18952613816303,124.9350493455516,0.5154080288411655,142.89525348168365,0.2830063627996773,0.9411866999871563,0.014048678885430259,0.14343858166902812,80.0,,,False,,0.6092203331243351,287.2424117743447,0.3907796668756649,287.2424117743447
S2_mixed,3,IC-CP,-0.35667494393873245,-0.5753997665482163,0.28586177457615447,-1.118013347198619,-0.03542708596875698,-0.2187248226094839,0.0478405480255502,1.0,1.082586261229862,,,6.863380005563069,0.12641777439657534,54.29125800010128,95.16268059908495,0.5538582706972838,,,0.5470804999931715,,,,6.863380005563069,100.88092378147482,False,,,,,
S2_mixed,4,IC-NIP,-0.35667494393873245,-0.48727105777863405,0.3088820290620401,-1.1003166365446995,0.13709055970279613,-0.1305961138399016,0.01705534495008454,1.0,1.2374071962474955,0.0,0.0,0.0,0.1310161188402531,0.0,111.6554209925073,0.4895110361809628,400.0,0.0,0.5401698999921791,,,,,,False,,,,,
S2_mixed,4,IC-UIP,-0.35667494393873245,-0.4180889012734055,0.27540151403159946,-0.9571756860719386,0.11656014806610772,-0.06141395733467303,0.0037716741555050394,1.0,1.0737358341380463,41.79993006456658,22.49963479031981,5.811448662278203,0.1310161188402531,44.35674567160744,159.89608764372238,0.4582848555973013,292.43143230550623,0.1097487670743938,0.9358251000230666,-0.09415074760903036,0.13993630693129502,80.0,,,False,,0.5958415898345487,233.9213137023888,0.4041584101654513,233.9213137023888
S2_mixed,4,IC-CP,-0.35667494393873245,-0.43782606905624827,0.25863569408039144,-1.020734977425724,0.01743595593682139,-0.08115112511751582,0.006585505107838707,1.0,1.0381709333625453,,,11.160216259521354,0.1310161188402531,85.18200934595625,151.76938421885214,0.5176093670995326,,,0.5323515999771189,,,,11.160216259521354,229.9521242550216,False,,,,,
S2_mixed,5,IC-NIP,-0.35667494393873245,-0.28589370449431495,0.31863884979517676,-0.9386799031828579,0.33294235287740565,0.0707812394444175,0.005009983857287964,1.0,1.2716222560602635,0.0,0.0,0.0,0.12311545135049871,0.0,131.15350074537955,0.5095130945291435,400.0,0.0,0.5085885999724269,,,,,,False,,,,,
S2_mixed,5,IC-UIP,-0.35667494393873245,-0.3230320161763124,0.26382174395855124,-0.821343286893714,0.1691200401977459,0.03364292776242006,0.0011318465884274144,1.0,0.99046332709146,44.26380892023146,21.460471194394614,7.138288151309541,0.12311545135049871,57.980440903290614,111.65032948652133,0.47244534888802303,335.4104510671974,0.07572634592564516,1.0241385000117589,-0.34009069757992705,0.16123764882367397,80.0,,,False,,0.47433881242589493,252.82388036271414,0.5256611875741051,252.82388036271414
S2_mixed,5,IC-CP,-0.35667494393873245,-0.34311380869751973,0.2349696130105351,-0.8144265803671733,0.10075592012348,0.013561135241212718,0.00018390438903046152,1.0,0.9151825004906533,,,14.882957711671416,0.12311545135049871,120.88618892604278,176.0950467765511,0.44042817239244436,,,0.5649151999969035,,,,14.882957711671416,293.72038063497405,False,,,,,
S2_mixed,6,IC-NIP,-0.35667494393873245,-0.41375217067997566,0.2600362448520168,-0.9435405319068776,0.06157114056648821,-0.057077226741243214,0.0032578098124712894,1.0,1.0051116724733657,0.0,0.0,0.0,0.18485969891549758,0.0,163.62286094127637,0.3683066363301673,400.0,0.0,0.5595241000119131,,,,,,False,,,,,
S2_mixed,6,IC-UIP,-0.35667494393873245,-0.20939458711480824,0.2515503365760632,-0.6874792518896606,0.2778489577814832,0.1472803568239242,0.021691503506182437,1.0,0.9653282096711439,43.404878248114386,22.347932024723203,6.615237763051653,0.18485969891549758,35.785180879665866,170.04691431641803,0.44076298333196906,303.76157851949716,0.14422939651680441,1.009462700021686,0.08108615090074402,0.15315966965368144,80.0,,,False,,0.625659921396481,264.17408355481,0.37434007860351914,264.17408355481
S2_mixed,6,IC-CP,-0.35667494393873245,-0.15708611110173865,0.24374465840255902,-0.6822548230707025,0.2833815375717139,0.1995888328369938,0.03983570219323346,1.0,0.9656363606424164,,,12.150304740424135,0.18485969891549758,65.72716937063844,147.24420534625,0.5164803718841358,,,0.58402290000231,,,,12.150304740424135,289.65898015978144,False,,,,,
S2_mixed,7,IC-NIP,-0.35667494393873245,-0.45367055417200264,0.32241540780348443,-1.0422532537353089,0.2329910972135746,-0.09699561023327019,0.00940814840452447,1.0,1.2752443509488836,0.0,0.0,0.0,0.12024815927496531,0.0,151.44082962461414,0.5108077264746026,400.0,0.0,0.5516826999955811,,,,,,False,,,,,
S2_mixed,7,IC-UIP,-0.35667494393873245,-0.31064611783663365,0.23488050203859126,-0.7955085831606454,0.11914197618568334,0.0460288261020988,0.0021186528323372516,1.0,0.9146505593463288,46.42639759142634,20.835488280446093,6.822304128349792,0.12024815927496531,56.73520633899749,200.18084687796332,0.38252844055354146,232.2346580231938,0.08494549154480548,0.9879421000077855,-0.1150188939386613,0.14715045097745963,80.0,,,False,,0.5334537318677586,354.1612175592822,0.4665462681322414,354.1612175592822
S2_mixed,7,IC-CP,-0.35667494393873245,-0.3062548325133292,0.2424346380918188,-0.7581581337653679,0.16160540690312133,0.05042011142540326,0.00254218763615008,1.0,0.9197635406684892,,,13.088600441612138,0.12024815927496531,108.84657628465735,78.37829756159928,0.46116742246652603,,,0.5579635000030976,,,,13.088600441612138,204.5346080806607,False,,,,,
S2_mixed,8,IC-NIP,-0.35667494393873245,-0.23215049404912705,0.27996536646369796,-0.788766579444606,0.29777832219267003,0.1245244498896054,0.015506338620308846,1.0,1.0865449016372761,0.0,0.0,0.0,0.1594782251767009,0.0,187.12920386654287,0.4031820424021476,400.0,0.0,0.5442504000093322,,,,,,False,,,,,
S2_mixed,8,IC-UIP,-0.35667494393873245,-0.252901271066895,0.2443734944206932,-0.7663681409307348,0.17956838195133795,0.10377367287183747,0.010768975181311136,1.0,0.9459365228820728,45.31079195876882,21.54199146637943,6.79181981671328,0.1594782251767009,42.587756473888426,211.77328198701662,0.3327504246170756,400.0,0.011657443371395787,0.9553080000041518,-0.3830359257257221,0.1496205139580812,80.0,,,False,,0.4537306239543987,296.74212581935933,0.5462693760456012,296.74212581935933
S2_mixed,8,IC-CP,-0.35667494393873245,-0.2620225727776959,0.22199076643866764,-0.7194117370919718,0.11986356599016514,0.09465237116103653,0.00895907136640662,1.0,0.8392753030821369,,,14.231785545544074,0.1594782251767009,89.2396785189661,189.84986694508572,0.3934761945462154,,,0.5637350000033621,,,,14.231785545544074,400.0,False,,,,,
S2_mixed,9,IC-NIP,-0.35667494393873245,-0.7315125783889167,0.29266065221110793,-1.2726164422281645,-0.16885623344665635,-0.37483763445018425,0.14050325220020995,1.0,1.1037602087815082,0.0,0.0,0.0,0.1459423519130385,0.0,231.5819897851322,0.2710032405969027,400.0,0.0,0.5382023999991361,,,,,,False,,,,,
S2_mixed,9,IC-UIP,-0.35667494393873245,-0.5695701692443613,0.2688487707480962,-1.1448832556374966,-0.10801952172273849,-0.21289522530562888,0.04532437695793448,1.0,1.0368637339147582,41.17712635414484,22.84007284690231,6.075344863847976,0.1459423519130385,41.62838808756517,188.09176128117258,0.3276603646203392,333.34897010514857,0.1561107374787761,0.9243706000270322,-0.28379415065672275,0.14749997305409832,80.0,,,False,,0.6137625221850932,258.11381736182864,0.3862374778149069,258.11381736182864
S2_mixed,9,IC-CP,-0.35667494393873245,-0.5660049137619809,0.25462020863167567,-1.0994833239703306,-0.10605922009897821,-0.20932996982324847,0.043819036266202115,1.0,0.9934241038713524,,,12.006922988090892,0.1459423519130385,82.27168351545657,186.6819352734751,0.38235924050505404,,,0.5352182000060566,,,,12.006922988090892,192.47449421950952,False,,,,,
S2_mixed,10,IC-NIP,-0.35667494393873245,-0.6151999994507747,0.32372869272902627,-1.3846023434755534,-0.03532636823551024,-0.2585250555120423,0.06683520432750455,1.0,1.3492759752400432,0.0,0.0,0.0,0.1192745058570229,0.0,219.48445801733212,0.3535446904043234,400.0,0.0,0.5593703999766149,,,,,,False,,,,,
S2_mixed,10,IC-UIP,-0.35667494393873245,-0.4868240527116332,0.27174541537203195,-1.0353589226661084,0.04272568895771483,-0.13014910877290076,0.016938790514380353,1.0,1.0780846116238232,41.61915156096671,21.803800779171898,5.909436356442079,0.1192745058570229,49.54484039972345,146.27517038652314,0.42462140910975166,137.6239183148064,0.09935620520840702,0.9388470999838319,-0.20747290862781248,0.14268046638021573,80.0,,,False,,0.6169929628439355,151.88630361340785,0.3830070371560646,151.88630361340785
S2_mixed,10,IC-CP,-0.35667494393873245,-0.4445030915569675,0.27315241180148475,-1.0651717823705429,0.044512730546139356,-0.08782814761823504,0.0077137835140504854,1.0,1.1096845129166821,,,10.615052692166923,0.1192745058570229,88.99682808069171,123.12159491064004,0.49866648325166096,,,0.5432905000052415,,,,10.615052692166923,285.2752464319007,False,,,,,
S2_mixed,11,IC-NIP,-0.35667494393873245,-0.10788327954304795,0.2807221929351997,-0.6406618614478335,0.42826718189626656,0.2487916643956845,0.06189729227277491,1.0,1.0689290433441,0.0,0.0,0.0,0.15861947837592635,0.0,195.60862925803158,0.3935430612832948,400.0,0.0,0.4946289000217803,,,,,,False,,,,,
S2_mixed,11,IC-UIP,-0.35667494393873245,-0.003349468815799157,0.2695092319972898,-0.48771057058217127,0.5396919569567743,0.3533254751229333,0.12483889137084654,1.0,1.0274025275389456,44.58932594431144,21.319109645985243,6.786853566152624,0.15861947837592635,42.78701226130538,97.89962268515269,0.5738609023274651,400.0,-0.025922452590771944,0.9009256999997888,0.17338962236643687,0.1523277292126911,80.0,,,False,,0.5922787436769417,163.3291619356723,0.4077212563230583,163.3291619356723
S2_mixed,11,IC-CP,-0.35667494393873245,-0.0002470450738126584,0.2451924488595562,-0.4823998866087029,0.4891600195063261,0.35642789886491977,0.12704084708926147,1.0,0.9715599061150291,,,13.86219528566576,0.15861947837592635,87.39276807361902,188.76825177347646,0.4197759857536782,,,0.5457005000207573,,,,13.86219528566576,338.2073223302214,False,,,,,
S2_mixed,12,IC-NIP,-0.35667494393873245,-0.5434233156463387,0.2843793671132892,-1.0797970172262121,-0.016455926264732173,-0.18674837170760628,0.03487495433544228,1.0,1.06334109096148,0.0,0.0,0.0,0.1545659566825177,0.0,192.85713493818713,0.40832572221572144,400.0,0.0,0.5057888999872375,,,,,,False,,,,,
S2_mixed,12,IC-UIP,-0.35667494393873245,-0.4480382320459883,0.21407517577473104,-0.8867581657002762,-0.07850970511659339,-0.09136328810725586,0.00834725041376944,1.0,0.8082484605836828,44.115656444442166,21.15331431863134,6.181742051242598,0.1545659566825177,39.994201724122526,235.87791496365665,0.2998445666844621,400.0,-0.026736430312641023,1.0510331000259612,-0.1637713677484178,0.14029498394204143,80.0,,,False,,0.5748663983748399,322.90943438508424,0.42513360162516023,322.9094343850842
S2_mixed,12,IC-CP,-0.35667494393873245,-0.46417350500482013,0.26036821764483115,-1.0263482994744464,0.003871312003815715,-0.10749856106608768,0.011555940631279384,1.0,1.030219611478262,,,13.137284181507638,0.1545659566825177,84.99468099881751,166.18816352693608,0.44832080360645626,,,0.6193023000087123,,,,13.137284181507638,284.67882650098625,False,,,,,
S2_mixed,13,IC-NIP,-0.35667494393873245,-0.5657914902685831,0.27229048536737716,-1.0678090541592644,-0.02463641907299378,-0.20911654632985066,0.04372972994892458,1.0,1.0431726350862707,0.0,0.0,0.0,0.16859515147478643,0.0,199.99675010141638,0.3754569963935714,400.0,0.0,0.7006507999903988,,,,,,False,,,,,
S2_mixed,13,IC-UIP,-0.35667494393873245,-0.5137532129758184,0.240426421773303,-1.0028119686564723,-0.008062535194762736,-0.157078269037086,0.02467358260368717,1.0,0.9947494334617095,42.525993039293354,21.835525249126135,5.8680505992398775,0.16859515147478643,34.80557150018309,153.27375501056292,0.424645512219956,280.0155982440588,0.055423076567755074,0.9902197999763303,-0.36119157957937587,0.13841188201731783,80.0,,,False,,0.5943876284026427,305.0548780990322,0.40561237159735725,305.0548780990321
S2_mixed,13,IC-CP,-0.35667494393873245,-0.46359119418429956,0.26251100544193096,-1.0288956226782786,0.03355942187282214,-0.10691625024556711,0.011431084566572729,1.0,1.0624550445511007,,,12.455416063090702,0.16859515147478643,73.87766465486655,143.6437766763487,0.42946286342207673,,,0.5421293000108562,,,,12.455416063090702,249.171287679068,False,,,,,
S2_mixed,14,IC-NIP,-0.35667494393873245,-0.6075390371946306,0.35085194567058064,-1.357365561436845,0.02932403533224854,-0.2508640932558982,0.06293279328510398,1.0,1.3866895967690935,0.0,0.0,0.0,0.10154586290664809,0.0,161.03505430173675,0.38157705722862345,400.0,0.0,0.5330178000149317,,,,,,False,,,,,
S2_mixed,14,IC-UIP,-0.35667494393873245,-0.4497930540494053,0.2733881860145709,-1.0178416085445852,0.040416266318573014,-0.09311811011067284,0.00867098243058339,1.0,1.0582578748631581,45.463863240460924,21.849413496736258,6.491709835015262,0.10154586290664809,63.92884603268517,207.6253970200363,0.3654296390909399,333.8557477896474,0.01851641876305434,0.8984442999935709,-0.21549086440524093,0.14295170270347832,80.0,,,False,,0.5657195466469583,309.99007138255433,0.4342804533530417,309.99007138255433
S2_mixed,14,IC-CP,-0.35667494393873245,-0.4267374564981148,0.27596838568097365,-1.0650060903669034,0.06191714251105197,-0.07006251255938234,0.004908755666133608,1.0,1.1269232328779555,,,12.0177353665466,0.10154586290664809,118.34785802740775,217.3412472886819,0.33440439065273736,,,0.5162867000035476,,,,12.0177353665466,312.08276175457144,False,,,,,
S2_mixed,15,IC-NIP,-0.35667494393873245,-0.15268875412356522,0.2863067939399309,-0.7029765547808204,0.4103489737527986,0.20398618981516722,0.04161036563530943,1.0,1.113325528533619,0.0,0.0,0.0,0.15249187536628384,0.0,146.54479179048653,0.4049008363078659,400.0,0.0,0.5109330000123009,,,,,,False,,,,,
S2_mixed,15,IC-UIP,-0.35667494393873245,-0.0976219124209716,0.25369804163949966,-0.5890825956998376,0.3896953033464924,0.2590530315177608,0.06710847313854199,1.0,0.97877789904633,43.5054828632353,21.726925384514807,6.794475300104266,0.15249187536628384,44.55631018888062,156.99847593267035,0.469676375275817,352.29182765609517,0.0725311319976373,0.8845634000026621,-0.04176547912141407,0.15639581005565842,80.0,,,False,,0.5317429403296213,188.56627730678733,0.4682570596703786,188.56627730678736
S2_mixed,15,IC-CP,-0.35667494393873245,-0.07945554975874067,0.255732366350973,-0.6226244012511859,0.35731709742637185,0.27721939417999175,0.07685059250952164,1.0,0.9799414986775578,,,14.05547041216858,0.15249187536628384,92.17192967433506,123.39004490578141,0.4748379617256092,,,0.5346705999982078,,,,14.05547041216858,261.94875842474954,False,,,,,
S2_mixed,16,IC-NIP,-0.35667494393873245,-0.8058349945195541,0.3018586081462388,-1.39976517247347,-0.19905567292227708,-0.44916005058082165,0.20174475103776626,1.0,1.200709499551193,0.0,0.0,0.0,0.13718381703305627,0.0,147.37596921039116,0.44288683196423556,400.0,0.0,0.5450261000078171,,,,,,False,,,,,
S2_mixed,16,IC-UIP,-0.35667494393873245,-0.635652339461225,0.27746650246518945,-1.2373935918203225,-0.12999319532676648,-0.27897739552249257,0.07782838721251326,1.0,1.107400396493556,35.28041740406449,21.878301540449712,4.484857275630881,0.13718381703305627,32.692320221343564,54.00658903407401,0.54178123365705,220.46264693388676,0.28719233999907345,0.8966861999942921,0.009637357532502732,0.12782715050668936,80.0,,,False,,0.6501662872945656,283.37706866337214,0.34983371270543445,283.37706866337214
S2_mixed,16,IC-CP,-0.35667494393873245,-0.7100661395138096,0.33433186529926034,-1.455071489740872,-0.07532518173437097,-0.35339119557507714,0.12488533710998242,1.0,1.379746308006501,,,3.7141801475888023,0.13718381703305627,27.074477353941983,82.54579456269589,0.645741528881797,,,0.540639300015755,,,,3.7141801475888023,200.67850403669811,False,,,,,
S2_mixed,17,IC-NIP,-0.35667494393873245,-0.765398667014842,0.35745155520584226,-1.5180989848983182,0.004404047707397648,-0.4087237230761096,0.16705508180519632,1.0,1.5225030326057158,0.0,0.0,0.0,0.09783080590016345,0.0,132.27232357772314,0.36314555443588753,400.0,0.0,0.5289459000050556,,,,,,False,,,,,
S2_mixed,17,IC-UIP,-0.35667494393873245,-0.5755009903365549,0.2900494174639578,-1.1882410803633634,-0.09146656491944474,-0.21882604639782244,0.047884838582101935,1.0,1.0967745154439186,39.70587039882646,22.433807382547194,5.653294615773899,0.09783080590016345,57.78644634230141,170.2885015209025,0.4436493776367273,273.2508787372202,0.13327532039933396,0.9251397000043653,-0.17058488088185364,0.14383119136494607,80.0,,,False,,0.6747866297777037,296.37315933424134,0.3252133702222963,296.3731593342414
S2_mixed,17,IC-CP,-0.35667494393873245,-0.5016229589528503,0.31588209882066187,-1.1730087573876637,0.05320292508484337,-0.1449480150141178,0.021009927056532922,1.0,1.2262116824725071,,,8.302479590802609,0.09783080590016345,84.865697613442,135.82748618234305,0.5212958937962593,,,0.5360938999801874,,,,8.302479590802609,140.8608016766281,False,,,,,
S2_mixed,18,IC-NIP,-0.35667494393873245,-0.8334361160895051,0.3343348046811428,-1.5328650733860918,-0.22710126151745583,-0.4767611721507726,0.22730121527057864,1.0,1.3057638118686359,0.0,0.0,0.0,0.11182704112719931,0.0,159.41463402084685,0.43254286175745754,400.0,0.0,0.5334360000269953,,,,,,False,,,,,
S2_mixed,18,IC-UIP,-0.35667494393873245,-0.5820786420937347,0.3001507946582138,-1.2398577502067525,-0.059489038118162016,-0.22540369815500227,0.05080682714195137,1.0,1.1803687120885904,32.99007902730848,21.200970471507123,4.705974649188037,0.11182704112719931,42.08261795852362,143.58635383021488,0.49938063403717814,266.964592169414,0.14454815046160838,0.9631124000006821,0.06749131484264884,0.14219532903466234,80.0,,,False,,0.4919827988035521,400.0,0.5080172011964479,400.0
S2_mixed,18,IC-CP,-0.35667494393873245,-0.6841174465665817,0.31913969375259404,-1.3687564604723719,-0.12188528626332377,-0.32744250262784924,0.10721859252718906,1.0,1.2468711742090481,,,6.446843898088883,0.11182704112719931,57.65013393098567,118.45542847922457,0.4887651623413424,,,0.5189427000004798,,,,6.446843898088883,204.33870165996757,False,,,,,
S2_mixed,19,IC-NIP,-0.35667494393873245,-0.6056887246038392,0.292153868571107,-1.175822621564663,-0.062406102937684664,-0.2490137806651067,0.062007862961129874,1.0,1.1134165186269784,0.0,0.0,0.0,0.14644910778763467,0.0,194.04657759131823,0.3994093789822137,400.0,0.0,0.514001699979417,,,,,,False,,,,,
S2_mixed,19,IC-UIP,-0.35667494393873245,-0.44187280505556403,0.2573166247558996,-0.9673322095994038,0.053377109519100775,-0.08519786111683159,0.0072586755388829236,1.0,1.0207093191185046,41.96699431413139,23.542777614659784,5.9155052367861005,0.14644910778763467,40.392907311966376,167.71687328488454,0.47470027526533093,287.0680545343989,0.10753482570192528,0.9397988999844529,-0.1830786510218997,0.14159089219989096,80.0,,,False,,0.5721467453214489,344.38940458340807,0.427853254678551,344.38940458340807
S2_mixed,19,IC-CP,-0.35667494393873245,-0.4108589199413605,0.2551640219716664,-0.9221037666509156,0.05393219388518713,-0.05418397600262803,0.0029359032554533704,1.0,0.9760359605361028,,,10.524090947161206,0.14644910778763467,71.86176212436986,120.87493732362083,0.5977306170824834,,,0.5932613000040874,,,,10.524090947161206,333.6554001568695,False,,,,,
S3_conflict,0,IC-NIP,-0.35667494393873245,-0.6194417283806107,0.29825400549426906,-1.2845024188681058,-0.03339273557160037,-0.2627667844418783,0.06904638300592453,1.0,1.2511096832965054,0.0,0.0,0.0,0.14051977420152767,0.0,170.71678120828534,0.404722818908762,400.0,0.0,0.5410283000092022,,,,,,False,,,,,
S3_conflict,0,IC-UIP,-0.35667494393873245,-0.45940950468000624,0.32014466683136106,-1.0769557015705733,0.13623635368820275,-0.1027345607412738,0.010554389970702474,1.0,1.213192055258776,9.48196289704357,10.187949290933009,1.6384288804393936,0.14051977420152767,11.65977450326405,99.93447245961816,0.6271460176225818,168.32127818548153,0.25144165362002646,1.0314853999880143,1.0081364245069975,0.17178340442806722,80.0,,,False,,0.4846102443707993,333.42344878559663,0.5153897556292008,333.42344878559663
S3_conflict,0,IC-CP,-0.35667494393873245,-0.5322948603044261,0.3157471721096853,-1.0997677535728452,0.1267242440217713,-0.17561991636569363,0.030842355024293226,1.0,1.2264919975946165,,,0.9813468614318837,0.14051977420152767,6.983692273974739,111.30231513855448,0.5646524640928854,,,0.5307107999979053,,,,0.9813468614318837,260.2068361055653,False,,,,,
S3_conflict,1,IC-NIP,-0.35667494393873245,-0.3535032765396729,0.31918982654563505,-1.0007772137273934,0.23913067333764712,0.0031716673990595523,1.0059474090257186e-05,1.0,1.2399078870650404,0.0,0.0,0.0,0.12269078114301457,0.0,160.93454041908095,0.4783148762887601,400.0,0.0,0.49818209998193197,,,,,,False,,,,,
S3_conflict,1,IC-UIP,-0.35667494393873245,-0.07182338960395997,0.2873027074072308,-0.6759029803193075,0.4092476323130553,0.2848515543347725,0.08114040800693585,1.0,1.0851506126323627,22.198119112105022,18.42873964113715,3.9328904092370944,0.12269078114301457,32.055304991926974,139.3046589834606,0.4894682085141649,225.5807405736182,0.23404513922919476,0.9080317999760155,0.8189438285910629,0.17691490481019706,80.0,,,False,,0.5266788370093965,329.3679947518678,0.47332116299060345,329.36799475186774
S3_conflict,1,IC-CP,-0.35667494393873245,-0.15714289407309165,0.3175269408795582,-0.7343608388892156,0.44816492422848275,0.1995320498656408,0.039813038923584565,1.0,1.1825257631176984,,,3.1680408993606153,0.12269078114301457,25.821344275800044,88.53291969714499,0.5964925549872803,,,0.5586945999821182,,,,3.1680408993606153,127.77614372374339,False,,,,,
S3_conflict,2,IC-NIP,-0.35667494393873245,-0.5566898858259932,0.3153913181781982,-1.226172176489589,0.09031486421868913,-0.20001494188726077,0.0400059769781643,1.0,1.316487040708278,0.0,0.0,0.0,0.12566390303098426,0.0,150.9933770250547,0.45618445959307363,400.0,0.0,0.5048519000119995,,,,,,False,,,,,
S3_conflict,2,IC-UIP,-0.35667494393873245,-0.3037720983830017,0.3054114013048049,-0.8917564917529593,0.22061000259421057,0.05290284555573077,0.002798711067893503,1.0,1.1123664943471698,11.5521234882415,10.644694607676849,1.949211746607785,0.12566390303098426,15.511309927459267,166.0447519414641,0.44461167039016103,267.8710704393703,0.18853791877512624,0.9134006000240333,0.9970682320195382,0.16887455057774506,80.0,,,False,,0.518624637450135,307.7235469898763,0.4813753625498651,307.7235469898763
S3_conflict,2,IC-CP,-0.35667494393873245,-0.3819844013307837,0.33247632315338915,-1.185285401234908,0.1928271700227315,-0.02530945739205126,0.0006405686334800581,1.0,1.3781125712576396,,,1.4198744633430658,0.12566390303098426,11.29898426752649,170.2028201888305,0.4987407845228251,,,0.5226144000189379,,,,1.4198744633430658,155.71855339951944,False,,,,,
S3_conflict,3,IC-NIP,-0.35667494393873245,-0.8580916893363448,0.3144495201875218,-1.5466263307850339,-0.259487754015103,-0.5014167453976124,0.251418752565134,1.0,1.2871385767699308,0.0,0.0,0.0,0.12641777439657534,0.0,94.36040157238293,0.4341451371113636,400.0,0.0,0.5119943000026979,,,,,,False,,,,,
S3_conflict,3,IC-UIP,-0.35667494393873245,-0.6404767670949707,0.31987471758019037,-1.2258551344622228,-0.014632521902897343,-0.28380182315623825,0.08054347482680473,1.0,1.2112226125593255,9.080145513514383,9.531906087000277,1.5469546045149971,0.12641777439657534,12.236844161345275,110.04867068587804,0.5668676446464022,185.34080218987697,0.3013976468151959,0.9356849000032526,0.8399743602378177,0.17012893002183266,80.0,,,False,,0.44741784309024224,400.0,0.5525821569097578,400.0
S3_conflict,3,IC-CP,-0.35667494393873245,-0.7146430260008165,0.3102401131838132,-1.322772705104961,-0.11375414015005111,-0.3579680820620841,0.12814114777520696,1.0,1.20901856495491,,,1.0357380796049414,0.12641777439657534,8.192978278163704,158.37871131985315,0.5242656126231816,,,0.5593816000036895,,,,1.0357380796049414,245.00967702707047,False,,,,,
S3_conflict,4,IC-NIP,-0.35667494393873245,-0.48727105777863405,0.3088820290620401,-1.1003166365446995,0.13709055970279613,-0.1305961138399016,0.01705534495008454,1.0,1.2374071962474955,0.0,0.0,0.0,0.1310161188402531,0.0,111.6554209925073,0.4895110361809628,400.0,0.0,0.538269799988484,,,,,,False,,,,,
S3_conflict,4,IC-UIP,-0.35667494393873245,-0.2858730232808982,0.3309313207297822,-0.9149435871869716,0.3393322806505023,0.07080192065783425,0.005012911968838256,1.0,1.254275867837474,18.055254247050197,15.777477375184743,3.071325354414814,0.1310161188402531,23.44234725926858,72.06416273495387,0.6657889936454453,111.39575977052672,0.28300161153671183,0.936630599986529,0.7684812208114221,0.1701825341914003,80.0,,,False,,0.5666424857794806,305.58452821367763,0.43335751422051944,305.58452821367763
S3_conflict,4,IC-CP,-0.35667494393873245,-0.3590027065749857,0.32819004631331666,-0.9968105735109906,0.2208973776902454,-0.0023277626362532278,5.418478890736577e-06,1.0,1.2177079512012359,,,2.188224565852561,0.1310161188402531,16.701949235121564,89.0416752979773,0.585310370997483,,,0.5478120000043418,,,,2.188224565852561,158.7517105378383,False,,,,,
S3_conflict,5,IC-NIP,-0.35667494393873245,-0.28589370449431495,0.31863884979517676,-0.9386799031828579,0.33294235287740565,0.0707812394444175,0.005009983857287964,1.0,1.2716222560602635,0.0,0.0,0.0,0.12311545135049871,0.0,131.15350074537955,0.5095130945291435,400.0,0.0,0.5037861999880988,,,,,,False,,,,,
S3_conflict,5,IC-UIP,-0.35667494393873245,-0.04249733752339203,0.26481829115936295,-0.5538049155820346,0.4096208412335911,0.3141776064153404,0.09870756837287256,1.0,0.9634257568156257,32.12139858713365,21.359188670488372,6.198122612999432,0.12311545135049871,50.343986437201366,146.84093107463602,0.5400213151403138,234.5591723573144,0.20235625352062672,0.9094095000182278,0.511720330805808,0.1927590798072241,80.0,,,False,,0.5228667864073269,400.0,0.4771332135926732,400.0
S3_conflict,5,IC-CP,-0.35667494393873245,-0.12014644593218093,0.3034153197823201,-0.7245000621654539,0.44772089946490085,0.2365284980065515,0.055945730369235246,1.0,1.1722209616303547,,,6.370840592415366,0.12311545135049871,51.746880854768996,108.0559021877511,0.6078438219291621,,,0.5109993999940343,,,,6.370840592415366,173.88911256985236,False,,,,,
S3_conflict,6,IC-NIP,-0.35667494393873245,-0.41375217067997566,0.2600362448520168,-0.9435405319068776,0.06157114056648821,-0.057077226741243214,0.0032578098124712894,1.0,1.0051116724733657,0.0,0.0,0.0,0.18485969891549758,0.0,163.62286094127637,0.3683066363301673,400.0,0.0,0.5191559999948367,,,,,,False,,,,,
S3_conflict,6,IC-UIP,-0.35667494393873245,-0.12495094989281373,0.3142964010598749,-0.7542889638677235,0.5012148556824341,0.2317239940459187,0.053696009416592964,1.0,1.2555038195501576,15.31638471626507,15.054251958498428,2.690916841574001,0.18485969891549758,14.556535888355327,76.214032200003,0.6465328251096321,85.3115169628345,0.2934035545500389,0.9130797999969218,0.9949331753401445,0.17550161510540402,80.0,,,False,,0.5299933066636611,400.0,0.470006693336339,400.0
S3_conflict,6,IC-CP,-0.35667494393873245,-0.232972317437471,0.2770926845898446,-0.7165684563300544,0.29831956256778247,0.12370262650126146,0.015302339803310593,1.0,1.0148880188978369,,,1.6589907943676507,0.18485969891549758,8.97432379312704,141.65241155280467,0.5306298899964792,,,0.5588839999982156,,,,1.6589907943676507,267.22010042784825,False,,,,,
S3_conflict,7,IC-NIP,-0.35667494393873245,-0.45367055417200264,0.32241540780348443,-1.0422532537353089,0.2329910972135746,-0.09699561023327019,0.00940814840452447,1.0,1.2752443509488836,0.0,0.0,0.0,0.12024815927496531,0.0,151.44082962461414,0.5108077264746026,400.0,0.0,0.5294464000035077,,,,,,False,,,,,
S3_conflict,7,IC-UIP,-0.35667494393873245,-0.18644621116005763,0.3239005266335355,-0.8167443267102799,0.4855605653500569,0.1702287327786748,0.028977821463433476,1.0,1.3023048920603368,18.95388140094456,17.763700162769126,3.2303989517987612,0.12024815927496531,26.864435774122523,116.98558254000771,0.6358230057977825,171.55899697734847,0.321378405370203,0.9211497000069357,0.8039215952162144,0.17051488068259496,80.0,,,False,,0.491520976215498,400.0,0.508479023784502,400.0
S3_conflict,7,IC-CP,-0.35667494393873245,-0.32127125694211217,0.3092163375687821,-0.9284918915146912,0.3240248433298145,0.035403686996620276,0.0012534210529546595,1.0,1.2525167348445057,,,2.367209752457522,0.12024815927496531,19.686037330887906,112.9650459572588,0.576114968482569,,,0.5100128000194672,,,,2.367209752457522,232.76799854255495,False,,,,,
S3_conflict,8,IC-NIP,-0.35667494393873245,-0.23215049404912705,0.27996536646369796,-0.788766579444606,0.29777832219267003,0.1245244498896054,0.015506338620308846,1.0,1.0865449016372761,0.0,0.0,0.0,0.1594782251767009,0.0,187.12920386654287,0.4031820424021476,400.0,0.0,0.5248813000216614,,,,,,False,,,,,
S3_conflict,8,IC-UIP,-0.35667494393873245,0.031376433598953625,0.24350662046746735,-0.4237684336586483,0.4660171006241918,0.3880513775376861,0.15058387160889578,1.0,0.8897855342828401,36.74984688928723,22.847820501994423,6.889044706636699,0.1594782251767009,43.19740014038706,163.47550073248664,0.5084638299169528,193.13848701586278,0.1563180261623844,0.9634155000094324,0.5228700482596662,0.18745402180080079,80.0,,,False,,0.550967994972481,318.63325583578006,0.44903200502751905,318.63325583578006
S3_conflict,8,IC-CP,-0.35667494393873245,-0.0047412191473567575,0.2821005417585472,-0.560939370729318,0.47750185804235323,0.3519337247913757,0.12385734664553176,1.0,1.038441228771671,,,8.107725183192448,0.1594782251767009,50.83907332307679,104.84320793582424,0.5944617865160748,,,0.5426842000160832,,,,8.107725183192448,221.82198429808568,False,,,,,
S3_conflict,9,IC-NIP,-0.35667494393873245,-0.7315125783889167,0.29266065221110793,-1.2726164422281645,-0.16885623344665635,-0.37483763445018425,0.14050325220020995,1.0,1.1037602087815082,0.0,0.0,0.0,0.1459423519130385,0.0,231.5819897851322,0.2710032405969027,400.0,0.0,0.5239789999905042,,,,,,False,,,,,
S3_conflict,9,IC-UIP,-0.35667494393873245,-0.5023474778104844,0.32159503661796474,-1.1136679283760798,0.13046607298721102,-0.14567253387175194,0.021220487124616716,1.0,1.2441340013632907,11.656981626624706,12.501912010318366,2.1274863189959143,0.1459423519130385,14.57758005889615,149.22875710633758,0.4933812349845712,167.4631709762263,0.394494052119332,0.9593057000020053,0.7983646360394423,0.18076434954022091,80.0,,,False,,0.5418143042128211,383.1000463031947,0.458185695787179,383.1000463031947
S3_conflict,9,IC-CP,-0.35667494393873245,-0.5915909273883534,0.33239182044067533,-1.211410064158443,0.06296218070289764,-0.23491598344962095,0.05518551928010258,1.0,1.2743722448613408,,,1.5017146122743261,0.1459423519130385,10.289779440920212,161.34509052286495,0.47082247768877983,,,0.558278699987568,,,,1.5017146122743261,209.85141314679632,False,,,,,
S3_conflict,10,IC-NIP,-0.35667494393873245,-0.6151999994507747,0.32372869272902627,-1.3846023434755534,-0.03532636823551024,-0.2585250555120423,0.06683520432750455,1.0,1.3492759752400432,0.0,0.0,0.0,0.1192745058570229,0.0,219.48445801733212,0.3535446904043234,400.0,0.0,0.5062895999872126,,,,,,False,,,,,
S3_conflict,10,IC-UIP,-0.35667494393873245,-0.3956515140282127,0.3474524861585895,-1.0978545740309142,0.3442967331924916,-0.038976570089480245,0.001519173015940166,1.0,1.4421513072234058,12.342598489319492,13.541036484238685,2.1405117963894265,0.1192745058570229,17.94609653596308,85.04180856253282,0.6047184764388138,107.31558204421917,0.42459757456286024,0.9348062000062782,0.9280828736243559,0.17188607126793612,80.0,,,False,,0.5687845959012341,400.0,0.43121540409876585,400.0
S3_conflict,10,IC-CP,-0.35667494393873245,-0.475196014222927,0.31306894916140654,-1.115781324618614,0.13903452337790634,-0.11852107028419456,0.014047244101310988,1.0,1.2548158479965204,,,1.3349655187895606,0.1192745058570229,11.192379370574082,107.23076218268413,0.590966988813119,,,0.5351499999815132,,,,1.3349655187895606,135.40220484210747,False,,,,,
S3_conflict,11,IC-NIP,-0.35667494393873245,-0.10788327954304795,0.2807221929351997,-0.6406618614478335,0.42826718189626656,0.2487916643956845,0.06189729227277491,1.0,1.0689290433441,0.0,0.0,0.0,0.15861947837592635,0.0,195.60862925803158,0.3935430612832948,400.0,0.0,0.4940525999991223,,,,,,False,,,,,
S3_conflict,11,IC-UIP,-0.35667494393873245,0.1447834299091614,0.3232581983713506,-0.5248470676155738,0.7729694130950715,0.5014583738478938,0.251460500702174,1.0,1.2978164807106451,19.49776698986551,17.43757576464213,3.1725380196136928,0.15861947837592635,20.000935900790278,99.72529451283454,0.6319468840724906,132.7274189081963,0.39022287580858495,0.9420017000229564,1.1944085366948514,0.1628976675798496,80.0,,,False,,0.5018186729104896,400.0,0.4981813270895104,400.0
S3_conflict,11,IC-CP,-0.35667494393873245,0.027198798250707607,0.32631763074282555,-0.6239539085773909,0.6698266702064074,0.38387374218944004,0.1473590499425247,1.0,1.2937805787837982,,,2.0291248028172073,0.15861947837592635,12.792406226479983,129.40409970594933,0.5713050817139083,,,0.5172628999862354,,,,2.0291248028172073,222.2803597450408,False,,,,,
S3_conflict,12,IC-NIP,-0.35667494393873245,-0.5434233156463387,0.2843793671132892,-1.0797970172262121,-0.016455926264732173,-0.18674837170760628,0.03487495433544228,1.0,1.06334109096148,0.0,0.0,0.0,0.1545659566825177,0.0,192.85713493818713,0.40832572221572144,400.0,0.0,0.5392402999859769,,,,,,False,,,,,
S3_conflict,12,IC-UIP,-0.35667494393873245,-0.38905409136826263,0.3214721826319946,-1.0358356060489622,0.2134950614163126,-0.032379147429530186,0.0010484091882632513,1.0,1.2493306674652749,12.492553565780637,13.939100800930971,2.211372193751031,0.1545659566825177,14.306980923964028,120.77656961824837,0.5696870091247445,136.2311652853048,0.33200458320125337,0.9641826000006404,0.8247397930762475,0.17673628103063152,80.0,,,False,,0.49044666464201525,288.4303432676616,0.5095533353579847,288.4303432676616
S3_conflict,12,IC-CP,-0.35667494393873245,-0.451338433991646,0.29193523035862773,-0.9870013306989998,0.08126355444380659,-0.09466349005291358,0.008961176348998068,1.0,1.0682648851428063,,,1.6374922978514366,0.1545659566825177,10.594132970786614,154.25273829800327,0.4384473274546189,,,0.5285695000202395,,,,1.6374922978514366,183.61598238449895,False,,,,,
S3_conflict,13,IC-NIP,-0.35667494393873245,-0.5657914902685831,0.27229048536737716,-1.0678090541592644,-0.02463641907299378,-0.20911654632985066,0.04372972994892458,1.0,1.0431726350862707,0.0,0.0,0.0,0.16859515147478643,0.0,199.99675010141638,0.3754569963935714,400.0,0.0,0.5660543999983929,,,,,,False,,,,,
S3_conflict,13,IC-UIP,-0.35667494393873245,-0.3822802581555844,0.2652051590755973,-0.8748030891884948,0.13687228692221748,-0.02560531421685197,0.0006556321161437217,1.0,1.0116753761107122,18.606894987536034,16.144227249088733,3.2998003628633863,0.16859515147478643,19.57233250184466,129.3441967892658,0.5368789325170188,210.6486156017057,0.25639653599459894,0.9509494999947492,0.6091362405074462,0.17583748173896324,80.0,,,False,,0.5905829878291969,400.0,0.40941701217080306,400.0
S3_conflict,13,IC-CP,-0.35667494393873245,-0.45127005567666745,0.2917005329010295,-1.0843047702165525,0.021871300842070028,-0.094595111737935,0.008948235164712407,1.0,1.1061760710586226,,,2.597993182968514,0.16859515147478643,15.409655380018721,132.41145415819628,0.5228721665193665,,,0.556849799992051,,,,2.597993182968514,223.3782241137078,False,,,,,
S3_conflict,14,IC-NIP,-0.35667494393873245,-0.6075390371946306,0.35085194567058064,-1.357365561436845,0.02932403533224854,-0.2508640932558982,0.06293279328510398,1.0,1.3866895967690935,0.0,0.0,0.0,0.10154586290664809,0.0,161.03505430173675,0.38157705722862345,400.0,0.0,0.49660889999358915,,,,,,False,,,,,
S3_conflict,14,IC-UIP,-0.35667494393873245,-0.2941509874854107,0.3266806346291616,-0.9009548284697129,0.30384366472865765,0.06252395645332176,0.003909245130576876,1.0,1.2047984931983704,19.520640085003194,17.26360898170809,3.358943385135757,0.10154586290664809,33.078091898472124,153.29573669976003,0.5525725798446515,184.09801955173276,0.3854595012563718,0.9186089999857359,0.721911779196698,0.17231209201767228,80.0,,,False,,0.4308558108847999,300.72579565076006,0.5691441891152,300.72579565076006
S3_conflict,14,IC-CP,-0.35667494393873245,-0.395455326765144,0.36023787471166097,-1.1960872156872249,0.21835667137994724,-0.03878038282641155,0.001503918092163036,1.0,1.414443887067172,,,2.1378901588940082,0.10154586290664809,21.053444204412223,148.25902646987353,0.4704654901040839,,,0.5483792999875732,,,,2.1378901588940082,192.9418381165721,False,,,,,
S3_conflict,15,IC-NIP,-0.35667494393873245,-0.15268875412356522,0.2863067939399309,-0.7029765547808204,0.4103489737527986,0.20398618981516722,0.04161036563530943,1.0,1.113325528533619,0.0,0.0,0.0,0.15249187536628384,0.0,146.54479179048653,0.4049008363078659,400.0,0.0,0.49250630001188256,,,,,,False,,,,,
S3_conflict,15,IC-UIP,-0.35667494393873245,0.11967930674864874,0.27298282791240297,-0.4545588215506828,0.5930382247472202,0.4763542506873812,0.2269133721479364,1.0,1.047597046297903,32.32585965959393,22.95181475327408,5.845222292973758,0.15249187536628384,38.33136866428849,130.03253901534046,0.5394953047630905,206.70464845839945,0.1777996435920143,0.8982985999900848,0.7150584071398569,0.17992710127581382,80.0,,,False,,0.6322748875817268,219.02684775180737,0.36772511241827316,219.02684775180737
S3_conflict,15,IC-CP,-0.35667494393873245,0.03740423228341366,0.31491708205669844,-0.5790942821867818,0.6332182919865009,0.3940791762221461,0.15529839713192528,1.0,1.2123125741732828,,,5.363439529975966,0.15249187536628384,35.17196911043977,126.77638271683664,0.572180525810547,,,0.5516762000042945,,,,5.363439529975966,250.20161746635154,False,,,,,
S3_conflict,16,IC-NIP,-0.35667494393873245,-0.8058349945195541,0.3018586081462388,-1.39976517247347,-0.19905567292227708,-0.44916005058082165,0.20174475103776626,1.0,1.200709499551193,0.0,0.0,0.0,0.13718381703305627,0.0,147.37596921039116,0.44288683196423556,400.0,0.0,0.5206468000251334,,,,,,False,,,,,
S3_conflict,16,IC-UIP,-0.35667494393873245,-0.6925278267504439,0.33475206854548883,-1.300460140448872,-0.03877582647246549,-0.33585288281171144,0.11279715889293718,1.0,1.2616843139764065,7.34710459305309,7.62442871223434,1.13608734763952,0.13718381703305627,8.281496842778216,80.09113323670964,0.5901691161690743,216.23429542067615,0.1059140560395461,0.9401212999946438,1.0301150901708203,0.15442257735883205,80.0,,,False,,0.4671426711056606,400.0,0.5328573288943395,400.0
S3_conflict,16,IC-CP,-0.35667494393873245,-0.740324083422255,0.29739997009343233,-1.2933619518673107,-0.15387335408609967,-0.3836491394835225,0.14718666222644733,1.0,1.139488597781211,,,0.7043312109009373,0.13718381703305627,5.13421499805053,127.97852307632449,0.43368002944777034,,,0.5155412000021897,,,,0.7043312109009373,235.23488243036195,False,,,,,
S3_conflict,17,IC-NIP,-0.35667494393873245,-0.765398667014842,0.35745155520584226,-1.5180989848983182,0.004404047707397648,-0.4087237230761096,0.16705508180519632,1.0,1.5225030326057158,0.0,0.0,0.0,0.09783080590016345,0.0,132.27232357772314,0.36314555443588753,400.0,0.0,0.5172195000050124,,,,,,False,,,,,
S3_conflict,17,IC-UIP,-0.35667494393873245,-0.5758222963265017,0.3368178592254301,-1.241350550474581,0.08104184874822459,-0.21914735238776928,0.04802556205856912,1.0,1.3223923992228055,10.000540957370147,10.080244109889458,1.7542078017212348,0.09783080590016345,17.93103701416308,136.95123684526175,0.5634335747331011,258.8691773138808,0.1345212989578169,0.9338713999895845,0.8475437500544334,0.1756453182034524,80.0,,,False,,0.4657260722496146,400.0,0.5342739277503854,400.0
S3_conflict,17,IC-CP,-0.35667494393873245,-0.6467555963607154,0.3461573080128297,-1.3681512239599043,0.01976739553830041,-0.290080652421983,0.08414678490956332,1.0,1.3879186194982047,,,1.0289258422726681,0.09783080590016345,10.517401270543445,161.00361702422566,0.4447034551612937,,,0.5525986000138801,,,,1.0289258422726681,174.33920003739607,False,,,,,
S3_conflict,18,IC-NIP,-0.35667494393873245,-0.8334361160895051,0.3343348046811428,-1.5328650733860918,-0.22710126151745583,-0.4767611721507726,0.22730121527057864,1.0,1.3057638118686359,0.0,0.0,0.0,0.11182704112719931,0.0,159.41463402084685,0.43254286175745754,400.0,0.0,0.5012691000010818,,,,,,False,,,,,
S3_conflict,18,IC-UIP,-0.35667494393873245,-0.6544006499697755,0.31663332435120073,-1.271392590232554,-0.08100649240070347,-0.2977257060310431,0.08864059603168309,1.0,1.1903860978318506,9.074439997288588,8.457557921107853,1.5134729890789311,0.11182704112719931,13.534051995146765,156.45675426088522,0.4422477499524596,253.59458120734843,0.19915607610015665,0.9057886000082362,0.867456734973405,0.1649231738105879,80.0,,,False,,0.4178962360811741,395.4547759171236,0.5821037639188259,395.4547759171236
S3_conflict,18,IC-CP,-0.35667494393873245,-0.7578159435017517,0.35994570628007033,-1.506197774648646,-0.09824231069652145,-0.4011409995630193,0.16091410153041824,1.0,1.4079554639521246,,,0.7946288763772454,0.11182704112719931,7.105874110300237,97.20742586776683,0.5145772119190963,,,0.5129636999918148,,,,0.7946288763772454,175.31565387083134,False,,,,,
S3_conflict,19,IC-NIP,-0.35667494393873245,-0.6056887246038392,0.292153868571107,-1.175822621564663,-0.062406102937684664,-0.2490137806651067,0.062007862961129874,1.0,1.1134165186269784,0.0,0.0,0.0,0.14644910778763467,0.0,194.04657759131823,0.3994093789822137,400.0,0.0,0.5314021999947727,,,,,,False,,,,,
S3_conflict,19,IC-UIP,-0.35667494393873245,-0.4074764673694856,0.32629681746778616,-0.9914989298724711,0.19756566111565846,-0.05080152343075317,0.0025807947828853633,1.0,1.1890645909881297,14.774782682737884,15.156255857057657,2.2715458019659356,0.14644910778763467,15.510820354466727,89.16583719166745,0.5977847449835358,166.59101532078896,0.2842211188071081,0.9525940000021365,0.8009911744276306,0.15400988728468581,80.0,,,False,,0.5769546227812744,316.9405696526592,0.42304537721872565,316.9405696526592
S3_conflict,19,IC-CP,-0.35667494393873245,-0.4377907795507818,0.29067198541138356,-0.9922263512184724,0.12848777766550035,-0.08111583561204933,0.006579778787041009,1.0,1.1207141288839728,,,1.6414867598499854,0.14644910778763467,11.208581497336942,140.29140020099135,0.473633616081059,,,0.5524511999974493,,,,1.6414867598499854,301.2487315251408,False,,,,,
