scenario,method,repetitions,mean_estimate,bias,rmse,coverage,mean_cri_width,mean_m,mean_equivalent_ess,median_theta_ess,mean_theta_lag1,mean_runtime_seconds,failures
S1_compatible,NIP-DA,20,-0.5297430759050137,-0.17306813196628124,0.27579079940671797,1.0,1.212073025328784,0.0,0.0,160.98479736040883,0.414051202969454,0.5333812450015103,0
S1_compatible,IC-UIP-DA,20,-0.4799123708009578,-0.12323742686222536,0.19478265229189015,1.0,0.9837398999182355,44.13017301462903,44.99174730785252,187.90135912625016,0.3663991595574735,0.5748706950005726,0
S1_compatible,Full-borrowing,20,-0.447823523087479,-0.09114857914874655,0.16302803161802,1.0,0.8185922548773343,80.0,81.90616141187427,221.94739008129824,0.27928266118991535,0.5591970649969881,0
S2_mixed,NIP-DA,20,-0.5297430759050137,-0.17306813196628124,0.27579079940671797,1.0,1.212073025328784,0.0,0.0,160.98479736040883,0.414051202969454,0.5571853499975987,0
S2_mixed,IC-UIP-DA,20,-0.38841803136750014,-0.031743087428767705,0.16504113767180426,1.0,0.9812839281159546,40.973187517185785,45.49471655561082,176.58907897396267,0.39318441020989453,0.5890425999969011,0
S2_mixed,Full-borrowing,20,-0.2888433082505539,0.06783163568817854,0.1438623813383852,0.95,0.7979598014157089,80.0,88.92222943351392,221.90475698677207,0.2836558652712765,0.5635706300003221,0
S3_conflict,NIP-DA,20,-0.5297430759050137,-0.17306813196628124,0.27579079940671797,1.0,1.212073025328784,0.0,0.0,160.98479736040883,0.414051202969454,0.5667025000031571,0
S3_conflict,IC-UIP-DA,20,-0.32028727459774153,0.0363876693409909,0.24604425109886016,1.0,1.1910163089907304,16.503611381551757,21.213692877569564,110.09174767116832,0.5563277994980457,0.5754390249989229,0
S3_conflict,Full-borrowing,20,0.22379501686016723,0.5804699607988997,0.5930669751126042,0.05,0.7677353376244465,80.0,103.5710789949951,178.09033952071323,0.38219928813225323,0.5625080300029367,0
